model,instance_id,q_gpt,a_gpt,q_gemini,a_gemini,score_orig_gpt,score_orig_gemini,score_swap_gpt_gem,score_swap_gem_gpt
7b,scikit-learn__scikit-learn-14983,"Sure! Let's start by gathering the necessary details about the issue. Could you please provide the following information:

1. What is the current output of the `__repr__` method for `RepeatedKFold` and `RepeatedStratifiedKFold`?
2. What is the expected output of the `__repr__` method for these classes?
3. Are there any specific parameters or attributes that should be included in the string representation?
4. Are there any existing tests or examples that demonstrate the issue?

Once I have this information, I can help you proceed with the necessary changes.<|im_end|>","1. The current output of the `__repr__` method for `RepeatedKFold` is `'<sklearn.model_selection._split.RepeatedKFold object at 0x0000016421AA4288>'`, and for `RepeatedStratifiedKFold`, it is `'<sklearn.model_selection._split.RepeatedStratifiedKFold object at 0x0000016420E115C8>'`.

2. The expected output of the `__repr__` method for `RepeatedKFold` is `RepeatedKFold(n_splits=5, n_repeats=10, random_state=None)`, and for `RepeatedStratifiedKFold`, it is `RepeatedStratifiedKFold(n_splits=5, n_repeats=10, random_state=None)`.

3. The output should include the parameters: `n_splits`, `n_repeats`, and `random_state`.

4. There are no existing tests mentioned in the issue, but the example provided in the steps to reproduce demonstrates the incorrect outputs.","Sure! Let's start by gathering the necessary details about the issue. Could you please provide the following information:

1. What is the current output of the `__repr__` method for `RepeatedKFold` and `RepeatedStratifiedKFold`?
2. What is the expected output of the `__repr__` method for these classes?
3. Are there any specific parameters or attributes that should be included in the string representation?
4. Are there any existing tests or examples that demonstrate the issue?

Once I have this information, I can help you proceed with the necessary changes.<|im_end|>","Here is the information you requested:

1. **Current output**:
```python
>>> repr(RepeatedKFold())
'<sklearn.model_selection._split.RepeatedKFold object at 0x0000016421AA4288>'
>>> repr(RepeatedStratifiedKFold())
'<sklearn.model_selection._split.RepeatedStratifiedKFold object at 0x0000016420E115C8>'
```

2. **Expected output**:
```python
>>> repr(RepeatedKFold())
RepeatedKFold(n_splits=5, n_repeats=10, random_state=None)
>>> repr(RepeatedStratifiedKFold())
RepeatedStratifiedKFold(n_splits=5, n_repeats=10, random_state=None)
```

3. **Parameters to include**:
It should display `n_splits`, `n_repeats`, and `random_state`. Note that `n_splits` is currently stored in `cvargs` and might not be directly exposed as an attribute on the class instance, so we need to make sure `_build_repr` can find it.

4. **Examples**:
The code snippet under ""Steps/Code to Reproduce"" is the best example to reproduce this issue. A regression test should be added to check the right representation of both classes.",5,5,5,5
7b,django__django-12193,"Sure! Let's start by gathering some details about the issue. Could you please provide more information about the SplitArrayField and the BooleanField you mentioned? Specifically, what is the expected behavior, and what is the current behavior? Additionally, could you describe the structure of the SplitArrayField and how it interacts with the BooleanField?<|im_end|>","The SplitArrayField is a field that allows you to handle an array of data, and in this case, it's used with BooleanField to represent a list of boolean values (True/False). The expected behavior is that each widget for the BooleanField should reflect its initial value: if the value is True, the checkbox should be checked; if False, it should be unchecked.

Currently, the issue arises when the initial data array contains a True value. Once the first checkbox widget is created with a True value, all subsequent checkboxes incorrectly default to checked, regardless of whether their corresponding values are True or False in the initial data. This happens because the CheckboxInput widget modifies the attrs dict directly, causing all following checkboxes to inherit the 'checked': True attribute.

The SplitArrayField essentially holds multiple BooleanField instances, and each BooleanField should render a checkbox corresponding to each boolean value in the initial data array. However, due to this widget issue, it behaves inconsistently after the first True value.","Sure! Let's start by gathering some details about the issue. Could you please provide more information about the SplitArrayField and the BooleanField you mentioned? Specifically, what is the expected behavior, and what is the current behavior? Additionally, could you describe the structure of the SplitArrayField and how it interacts with the BooleanField?<|im_end|>","**Expected Behavior:**
Each checkbox widget in the `SplitArrayField` should accurately represent Django's initial data. If the index in the array is `True`, the checkbox should be checked; if it's `False`, it should remain unchecked. 

**Current Behavior:**
After the first `True` value is encountered in the array, *every* subsequent checkbox widget is automatically checked, even if the actual data for those positions is `False`.

**How they interact:**
The `SplitArrayField` uses multiple widgets (one for each array item, here `CheckboxInput` widgets). When rendering, these widgets share or reuse an attribute dict. Because `CheckboxInput.get_context()` mutates the passed-in `attrs` dictionary by setting `attrs['checked'] = True` when it's active, that mutation leaks into all subsequent widgets rendered after the first `True` value.",4,5,5,4
7b,sphinx-doc__sphinx-10449,"Sure! Let's start by gathering the necessary details about the issue. Could you please provide more information about the specific configuration setting in Sphinx that is causing the unexpected behavior? Additionally, could you specify which option is being used that results in the inclusion of a return type for a class?<|im_end|>","The specific configuration setting causing the unexpected behavior is `autodoc_typehints = ""description""`. This option results in the inclusion of the class's ""return type"" when using `autoclass`.","Sure! Let's start by gathering the necessary details about the issue. Could you please provide more information about the specific configuration setting in Sphinx that is causing the unexpected behavior? Additionally, could you specify which option is being used that results in the inclusion of a return type for a class?<|im_end|>","The configuration setting causing this behavior is `autodoc_typehints = ""description""`. When this option is used, it causes `autoclass` to include a return type for the class (usually `None` from the `__init__` method's return annotation).",4,5,5,4
7b,django__django-14559,"Sure! Let's start by gathering the necessary details about the issue. Could you please provide more information about the two functions mentioned in the PR description? Specifically, could you tell me:

1. The names of the two functions.
2. The expected return values of each function.
3. The context in which these functions are used within the codebase.

This information will help me understand the problem better and guide you through the necessary changes.<|im_end|>",I don't have that information.,"Sure! Let's start by gathering the necessary details about the issue. Could you please provide more information about the two functions mentioned in the PR description? Specifically, could you tell me:

1. The names of the two functions.
2. The expected return values of each function.
3. The context in which these functions are used within the codebase.

This information will help me understand the problem better and guide you through the necessary changes.<|im_end|>","Hi! I can help with those details.

1. The two functions are `bulk_update()` and `update()`.
2. Currently, `update()` returns the number of rows matched (an integer). `bulk_update()` currently returns `None`, but the goal is to have it return the total number of rows matched/updated as an integer (by summing up the return values of the individual `update()` calls it makes).
3. Both are methods of Django's `QuerySet` class in `django/db/models/query.py`. `bulk_update()` is used to update multiple model instances in the database efficiently, which it does by executing several batched `update()` queries.",1,5,5,1
7b,django__django-13315,"Sure! Let's start by gathering the necessary details about the issue. Could you please provide more information about the specific Q object and the ForeignKey field that is causing the duplicate options to appear in the form? Additionally, could you specify the exact line numbers or file paths where the Q object and ForeignKey field are defined?<|im_end|>",I don't have that information.,"Sure! Let's start by gathering the necessary details about the issue. Could you please provide more information about the specific Q object and the ForeignKey field that is causing the duplicate options to appear in the form? Additionally, could you specify the exact line numbers or file paths where the Q object and ForeignKey field are defined?<|im_end|>","I don't have specific file paths or line numbers from a production project, but the issue occurs generally when a `ForeignKey` field uses a `Q` object in `limit_choices_to` that spans a relation (causing a SQL JOIN). 

For example, a field defined like this:
```python
category = models.ForeignKey(Category, limit_choices_to=models.Q(articles__published=True))
```
This causes duplicate options in the `ModelChoiceField` dropdown because of the SQL JOIN, and selecting one can raise a `MultipleObjectsReturned` exception. The problem is with how `django/forms/models.py` handles the choices queryset.",1,4,4,1
7b,sphinx-doc__sphinx-8120,"Sure, let's start by gathering the necessary details about the issue. Could you please provide the following information:

1. What is the name of the custom translation file you are trying to include?
2. Where is the custom translation file located relative to the project directory?
3. What is the expected behavior when the custom translation file is included?
4. What is the actual behavior you are observing?
5. Are there any specific configuration settings you have applied to include the custom translation file?

Once I have this information, I can help you explore the repository and make the necessary changes.<|im_end|>","1. The name of the custom translation file I am trying to include is `sphinx.po`.
2. The custom translation file is located at `locale/da/LC_MESSAGES/sphinx.po`, which is in the same directory as the `Makefile`. 
3. The expected behavior when the custom translation file is included is that the translations for ""Fig. %s"" and ""Listing %s"" are overridden with my changes, specifically displaying ""Foobar %s"" and ""Whatever %s"".
4. The actual behavior I am observing is that the translations in my custom `sphinx.po` file are ignored, and the translations from the official Danish translation are used instead.
5. I have applied the configuration setting `language = 'da'` in `conf.py`, and `gettext_auto_build = True` to ensure that the `.mo` file is generated from the updated `.po` file.","Sure, let's start by gathering the necessary details about the issue. Could you please provide the following information:

1. What is the name of the custom translation file you are trying to include?
2. Where is the custom translation file located relative to the project directory?
3. What is the expected behavior when the custom translation file is included?
4. What is the actual behavior you are observing?
5. Are there any specific configuration settings you have applied to include the custom translation file?

Once I have this information, I can help you explore the repository and make the necessary changes.<|im_end|>","Hi! Here are the answers to your questions:

1. **Name of the file:** `sphinx.po` (which gets compiled to `sphinx.mo`).
2. **Location:** `locale/da/LC_MESSAGES/sphinx.po` (relative to the project root directory).
3. **Expected behavior:** The custom translations inside my `sphinx.po` should override the official Danish translations built into Sphinx. For example, `Fig. %s` should translate to `Foobar 1` instead of `figur 1`.
4. **Actual behavior:** The custom translations are ignored, and Sphinx's built-in Danish translations are used instead. (The custom translations are only used if I change the language to `en` and put them under `locale/en/`).
5. **Configuration settings:** 
   - `language = 'da'` in `conf.py`
   - `locale_dirs = ['locale/']` (pointing to the directory containing my custom locales)
   - `gettext_auto_build = True` turns the `.po` into `.mo` automatically.",5,5,5,5
7b,sphinx-doc__sphinx-10466,"Sure! Let's start by gathering some details about the issue. Could you please provide more information about the specific build command that reproduces the issue? Additionally, could you describe the structure of the Python file where the list of locations is being generated? This will help me understand the context and make the necessary changes.<|im_end|>","The specific build command that reproduces the issue is:

```bash
make clean; make gettext
```

As for the structure of the Python file, the relevant section is in the `sphinx/builders/gettext.py` file, specifically in the `__init__` method of the `Message` class. The problem arises when handling the list of locations. Currently, it seems to directly accept duplicate locations without deduplication. My proposed change is to implement a `uniqueLocation` method to filter out duplicates from the list of locations.

If you need more specific details about the `Message` class or the exact lines of code, I can share those as well.","Sure! Let's start by gathering some details about the issue. Could you please provide more information about the specific build command that reproduces the issue? Additionally, could you describe the structure of the Python file where the list of locations is being generated? This will help me understand the context and make the necessary changes.<|im_end|>","To reproduce the issue, I run `make clean; make gettext` from the root directory of the Blender documentation sources. 

Regarding the file structure, the problems are located in `sphinx/builders/gettext.py`. 

Specifically, in the `__init__` method of the message class:
```python
def __init__(self, text: str, locations: List[Tuple[str, int]], uuids: List[str]):
    self.text = text
    self.locations = list(set(locations))  # Needs deduplication
    self.uuids = uuids
```

And in the `__iter__` method of the catalog/builder class, where positions are processed:
```python
positions = [(os.path.relpath(source, start=os.getcwd()), line) for source, line, uuid in self.metadata[message]]
```
Using absolute paths at first makes some locations seem unique, but when they are written out, they end up as duplicates. Converting them to relative paths early allows us to filter out the duplicates properly.",4,5,5,4
7b,django__django-13807,"Sure! Let's start by gathering some necessary details about the issue. Could you please provide the following information:

1. What is the exact error message you encounter when running the `loaddata` command with SQLite?
2. Can you provide a sample command or script that reproduces the error?
3. What version of Django are you using?
4. Are there any specific table names in your database that are SQL reserved keywords?

Once I have this information, I can help you proceed with the necessary changes to the repository.<|im_end|>","1. The exact error message I encounter when running the `loaddata` command with SQLite is:
   ```
   sqlite3.OperationalError: near ""order"": syntax error
   ```

2. A sample command to reproduce the error would be:
   ```
   python manage.py loaddata <fixture_name>
   ```
   The fixture corresponds to a model named `Order`, where the table name defaults to `order`.

3. I am using Django versions 3.1.0 and 3.1.2.

4. Yes, the specific table name in my database that is a SQL reserved keyword is `order`.","Sure! Let's start by gathering some necessary details about the issue. Could you please provide the following information:

1. What is the exact error message you encounter when running the `loaddata` command with SQLite?
2. Can you provide a sample command or script that reproduces the error?
3. What version of Django are you using?
4. Are there any specific table names in your database that are SQL reserved keywords?

Once I have this information, I can help you proceed with the necessary changes to the repository.<|im_end|>","Here is the information you requested:

1. **Exact error message:**
```
sqlite3.OperationalError: near ""order"": syntax error
```
And the full traceback shows it fails during check constraints when calling `PRAGMA foreign_key_check(order)`:
```
(0.000) PRAGMA foreign_key_check(order); args=None
Traceback (most recent call last):
  File ""python3.7/site-packages/django/db/backends/utils.py"", line 82, in _execute
    return self.cursor.execute(sql)
  File ""python3.7/site-packages/django/db/backends/sqlite3/base.py"", line 411, in execute
    return Database.Cursor.execute(self, query)
sqlite3.OperationalError: near ""order"": syntax error
```

2. **How to reproduce:**
* Create a model with the name `Order` or set `db_table = ""order""` in a SQLite database (`order` is a SQL reserved keyword).
* Create a fixture file containing data for this model.
* Run `python manage.py loaddata <fixture_name>`.

3. **Django version:**
I confirmed this on 3.1.0 and 3.1.2.

4. **Table name involved:**
The table name is `""order""` (which is a reserved keyword in SQL).",5,5,5,5
7b,django__django-12125,"Sure! Let's start by gathering some details about the issue. Could you please provide more information about the custom field that is causing the problem? Specifically, what is the structure of the inner class and how is it being used in the Django model? Additionally, could you specify the exact error message you are encountering when running the `makemigrations` command?<|im_end|>","The custom field in question is defined as an inner class within another class. Here’s the structure:

```python
class Outer(object):
    class Inner(models.CharField):
        pass

class A(models.Model):
    field = Outer.Inner(max_length=20)
```

When I run `manage.py makemigrations`, the generated migration file incorrectly references the inner class as `test1.models.Inner` instead of `test1.models.Outer.Inner`.

In a real-world scenario, I faced a similar issue with an EnumField defined as follows:

```python
import enum
from enumfields import Enum, EnumField

class Thing(models.Model):
    @enum.unique
    class State(Enum):
        on = 'on'
        off = 'off'
    
    state = EnumField(enum=State)
```

This also results in the migration incorrectly referencing `enumfields.fields.EnumField(enum=test1.models.State, max_length=10)` instead of `test1.models.Thing.State`. 

I didn’t encounter a specific error message, but the references in the migration file are incorrect, leading to import issues.","Sure! Let's start by gathering some details about the issue. Could you please provide more information about the custom field that is causing the problem? Specifically, what is the structure of the inner class and how is it being used in the Django model? Additionally, could you specify the exact error message you are encountering when running the `makemigrations` command?<|im_end|>","I'm defining an `enum.Enum` subclass (or a custom field subclass) as an inner class of my Django model, like this:

```python
class Thing(models.Model):
    class State(models.TextChoices):
        ON = 'on'
        OFF = 'off'
    state = models.CharField(max_length=10, choices=State.choices)
```

The issue is that `TypeSerializer` in `django/db/migrations/serializer.py` serializes the inner class type using its `__name__` instead of `__qualname__`. 

When running `makemigrations`, the generated migration references `test1.models.State` instead of `test1.models.Thing.State`, which leads to an `AttributeError` like:
`AttributeError: module 'app_name.models' has no attribute 'State'` when the migration is run or loaded.",5,5,5,5
7b,sympy__sympy-17318,"Sure! Let's start by gathering the necessary details about the issue. Could you please provide the following information:

1. What is the exact error message you are seeing when the `sqrtdenest` function raises an `IndexError`?
2. Can you provide an example of the complex expression that causes the error?
3. What is the expected behavior when the function cannot denest an expression?
4. Are there any specific conditions under which the error occurs, or does it happen consistently?

Once I have this information, I can help you explore the repository and implement the necessary changes.<|im_end|>","1. The exact error message I see when `sqrtdenest` is called is: 
   ```
   IndexError: tuple index out of range
   ```

2. An example of the complex expression that causes the error is: 
   ```
   (3 - sqrt(2)*sqrt(4 + 3*I) + 3*I)/2
   ```

3. The expected behavior when the function cannot denest an expression is that it should return the expression unchanged, without raising any errors.

4. The error occurs consistently when trying to denest certain complex expressions that contain square roots. Specifically, when the input includes combinations of rational and complex numbers.","Sure! Let's start by gathering the necessary details about the issue. Could you please provide the following information:

1. What is the exact error message you are seeing when the `sqrtdenest` function raises an `IndexError`?
2. Can you provide an example of the complex expression that causes the error?
3. What is the expected behavior when the function cannot denest an expression?
4. Are there any specific conditions under which the error occurs, or does it happen consistently?

Once I have this information, I can help you explore the repository and implement the necessary changes.<|im_end|>","Here is the information you requested:

1. **Exact Error Message:**
The error ends with:
```python
  File ""sympy/simplify/radsimp.py"", line 1068, in _split_gcd
    g = a[0]
IndexError: tuple index out of range
```

2. **Examples causing the error:**
This expression raises the `IndexError` consistently:
```python
sqrtdenest(3 - sqrt(2)*sqrt(4 + I) + 3*I)
```
And this related function also raises the same error:
```python
from sympy.simplify.radsimp import rad_rationalize
rad_rationalize(1, 4 + I)
```

There is also an infinite recursion issue here:
```python
rad_rationalize(1, 1 + cbrt(2))
```

3. **Expected Behavior:**
If an expression cannot be denested, `sqrtdenest` should return the expression unchanged (e.g., `3 - sqrt(2)*sqrt(4 + I) + 3*I`).

4. **Conditions:**
The issue occurs when `_sqrt_match` or `rad_rationalize` calls `split_surds` on an expression containing terms that aren't regular real positive rational square roots (like `4 + I`). This leads to an empty `surds` list being passed internally to `_split_gcd`, which doesn't expect it and crashes.",5,5,5,5
7b,astropy__astropy-14309,"Sure! Let's start by gathering some details about the issue. Could you please provide the following information:

1. What is the exact error message you are seeing when you run the `identify_format` function with a file path without a specific extension?
2. Can you provide a sample file path that reproduces the error?
3. What is the expected behavior when the `identify_format` function is called with a file path without a specific extension?
4. Are there any specific lines of code in the `identify_format` function that you think might be causing the issue?

Once I have this information, I can help you explore the repository and find the necessary changes to resolve the issue.<|im_end|>","1. The exact error message I see when running the `identify_format` function with a file path without a specific extension is: `IndexError: tuple index out of range`.

2. A sample file path that reproduces the error is: `""bububu.ecsv""`.

3. The expected behavior when calling the `identify_format` function with a file path without a specific extension is that the function should handle the input gracefully and not raise an error, ideally returning an appropriate indication that the format cannot be identified.

4. I believe the issue arises from the line `return isinstance(args[0], (HDUList, TableHDU, BinTableHDU, GroupsHDU))` in the `is_fits` function in `astropy/io/fits/connect.py`. When `args` is empty, this line leads to the `IndexError`. 

Let me know if you need further details!","Sure! Let's start by gathering some details about the issue. Could you please provide the following information:

1. What is the exact error message you are seeing when you run the `identify_format` function with a file path without a specific extension?
2. Can you provide a sample file path that reproduces the error?
3. What is the expected behavior when the `identify_format` function is called with a file path without a specific extension?
4. Are there any specific lines of code in the `identify_format` function that you think might be causing the issue?

Once I have this information, I can help you explore the repository and find the necessary changes to resolve the issue.<|im_end|>","Hi! Here is the information you requested:

1. **Exact error message:**
   ```
   IndexError: tuple index out of range
   ```
   occurring at line 72 in `astropy/io/fits/connect.py`:
   ```python
   return isinstance(args[0], (HDUList, TableHDU, BinTableHDU, GroupsHDU))
   ```

2. **Sample file path / call reproducing the error:**
   Any file path without a FITS extension triggers it if `args` is empty. For example:
   ```python
   identify_format(""write"", Table, ""bububu.ecsv"", None, [], {})
   ```

3. **Expected behavior:**
   It should not raise an `IndexError`. If it doesn't match a FITS extension, it should return `False` or check if `args` is non-empty before indexing, rather than crashing.

4. **Line of code causing the issue:**
   In `astropy/io/fits/connect.py`, around line 72 in the `is_fits` function:
   ```python
   return isinstance(args[0], (HDUList, TableHDU, BinTableHDU, GroupsHDU))
   ```
   If `args` is empty, `args[0]` raises `IndexError`. We should check if `args` contains any elements first.",4,5,5,4
7b,django__django-15572,"Sure! Let's start by gathering the necessary details about the issue. Could you please provide the following information:

1. What is the exact version of Django you are using?
2. Can you describe the structure of your Django project, particularly the `settings.py` file and how template directories are configured?
3. Are there any specific template directories that are empty or contain empty strings in your configuration?
4. Have you encountered any error messages or logs related to the autoreload feature not functioning as expected?

Once I have this information, I can help you proceed with the necessary changes.<|im_end|>","1. I'm using Django version 3.2.4.
2. In my `settings.py` file, I have the `TEMPLATES` setting where the `DIRS` key is set as follows: `""DIRS"": os.getenv(""TEMPLATES_DIRS"", """").split("","")`.
3. Yes, this configuration can lead to an empty string being included in the list if the environment variable `TEMPLATES_DIRS` is not set or is empty.
4. There are no specific error messages, but I've noticed that autoreload is not functioning as expected when making changes to the app code. 

Let me know if you need more information!","Sure! Let's start by gathering the necessary details about the issue. Could you please provide the following information:

1. What is the exact version of Django you are using?
2. Can you describe the structure of your Django project, particularly the `settings.py` file and how template directories are configured?
3. Are there any specific template directories that are empty or contain empty strings in your configuration?
4. Have you encountered any error messages or logs related to the autoreload feature not functioning as expected?

Once I have this information, I can help you proceed with the necessary changes.<|im_end|>","Here is the info you requested:

1. **Django version:** This happens on Django 3.2.4 and newer (including the latest stable 3.2.x and main branches) where the normalization commits were introduced.
2. **Project Configuration:** The configuration in `settings.py` looks like this:
   ```python
   TEMPLATES = [
       {
           'BACKEND': 'django.template.backends.django.DjangoTemplates',
           'DIRS': [''],  # Or generated via os.getenv(""TEMPLATES_DIRS"", """").split("","")
           ...
       },
   ]
   ```
3. **Empty strings:** Yes, the `""DIRS""` list contains an empty string `''`.
4. **Behavior/Logs:** There are no specific error crash logs. Rather, the autoreloader silently stops working when python files are changed. This is because the empty string gets normalized to the project root directory, causing `template_changed()` in `django/template/autoreload.py` to always return `True` and mess up the reload logic.",4,5,5,4
7b,sphinx-doc__sphinx-9320,"To resolve the issue with the `sphinx-quickstart` tool when it encounters a `conf.py` file, we need to understand the specific behavior and error message you are encountering. Could you please provide the exact error message you receive when you try to exit the process by pressing 'Enter' at the prompt? Additionally, could you describe the environment in which this issue occurs, such as the operating system and any other relevant details?<|im_end|>","The exact error message I receive when I try to exit the process by pressing 'Enter' at the prompt is: *""Please enter a valid path name""*. 

I'm running this on Ubuntu 20.04, using Python 3.8.5, with Sphinx version 3.2.1. There are no additional Sphinx extensions or extra tools involved.","To resolve the issue with the `sphinx-quickstart` tool when it encounters a `conf.py` file, we need to understand the specific behavior and error message you are encountering. Could you please provide the exact error message you receive when you try to exit the process by pressing 'Enter' at the prompt? Additionally, could you describe the environment in which this issue occurs, such as the operating system and any other relevant details?<|im_end|>","The error message I get when pressing 'Enter' to exit is:
`Please enter a valid path name`

Here are my environment details:
- **OS**: Ubuntu 20.04
- **Python version**: Python 3.8.5
- **Sphinx version**: sphinx-build 3.2.1
- **Sphinx extensions**: none
- **Extra tools**: none",4,4,4,4
7b,django__django-12325,"Sure, let's start by gathering the necessary details about the issue. Could you please provide more information about the Django model configuration that is causing the problem? Specifically, which model and fields are involved, and what is the exact error message you are encountering?<|im_end|>","The issue involves the `Picking` model which inherits from the `Document` model. The relevant fields are:

1. `document_ptr = models.OneToOneField(Document, on_delete=models.CASCADE, parent_link=True, related_name='+')`
2. `origin = models.OneToOneField(Document, related_name='picking', on_delete=models.PROTECT)`

The error message I encounter is: `django.core.exceptions.ImproperlyConfigured: Add parent_link=True to appname.Picking.origin.` 

This error appears when the `origin` field is defined alongside `document_ptr`. The order of the fields seems to matter for the model to work correctly.","Sure, let's start by gathering the necessary details about the issue. Could you please provide more information about the Django model configuration that is causing the problem? Specifically, which model and fields are involved, and what is the exact error message you are encountering?<|im_end|>","We have a base model `Document` and a child model `Picking` that inherits from it:

```python
class Document(models.Model):
    pass

class Picking(Document):
    document_ptr = models.OneToOneField(Document, on_delete=models.CASCADE, parent_link=True, related_name='+')
    origin = models.OneToOneField(Document, related_name='picking', on_delete=models.PROTECT)
```

This setup produces the following error:
`django.core.exceptions.ImproperlyConfigured: Add parent_link=True to appname.Picking.origin.`

If we change the order of fields so `origin` comes before `document_ptr`, it works. Or even simpler, this also triggers the same error against `some_unrelated_document`:

```python
class Document(models.Model):
    pass

class Picking(Document):
    some_unrelated_document = models.OneToOneField(Document, related_name='something', on_delete=models.PROTECT)
```",5,5,5,5
7b,scikit-learn__scikit-learn-15100,"Sure! Let's start by gathering the necessary details about the issue. Could you please provide more information about the `strip_accents_unicode` function and how it currently handles accented characters? Specifically, what are the expected and actual behaviors when processing strings with accents?<|im_end|>","The `strip_accents_unicode` function is designed to remove accents from characters in a string by normalizing the string to NFKD form and then removing any combining characters. 

When processing strings with accents, the expected behavior is that strings like `s1` (which contains a single character with an accent) should be stripped to ""n"". However, for strings like `s2` (which contains separate characters for the base letter and the combining accent), the function does not strip off the accent, and it returns the string unchanged. So, for `s1`, the return value is ""n"", while for `s2`, it erroneously remains unchanged, leading to the inconsistency.","Sure! Let's start by gathering the necessary details about the issue. Could you please provide more information about the `strip_accents_unicode` function and how it currently handles accented characters? Specifically, what are the expected and actual behaviors when processing strings with accents?<|im_end|>","The `strip_accents_unicode` function is supposed to strip accents using Unicode normalization. 

Currently, if a string is already in NFKD form (like `s2 = chr(110) + chr(771)`, which is ""n"" followed by a combining tilde), the function detects this and returns the string unchanged instead of stripping the combining characters.

**Expected behavior:**
Both `s1` (`chr(241)`) and `s2` (`chr(110) + chr(771)`) should be stripped of their accents and normalized to `""n""`.

**Actual behavior:**
`s1` is successfully stripped to `""n""`, but `s2` is returned unchanged as `ñ` because the function skips processing for strings that are already NFKD-normalized.",4,4,4,4
7b,sphinx-doc__sphinx-7910,"Sure! Let's start by gathering the necessary details about the issue. Could you please provide the following information:

1. What is the name of the Python file that contains the decorated `__init__` method?
2. What is the name of the decorator that is being used?
3. What is the expected behavior of the decorated `__init__` method according to the PR description?
4. Are there any specific settings or configurations in the Sphinx documentation tool that need to be adjusted to ensure the decorated `__init__` method is included in the documentation?

Once I have this information, I can help you explore the repository and make the necessary changes.<|im_end|>","1. I don't have that information.
2. The decorator being used is `functools.wraps`.
3. The expected behavior is that the decorated `__init__` method should show up in the documentation despite being decorated.
4. Yes, I have `napoleon_include_init_with_doc = True` set in my Sphinx configuration.","Sure! Let's start by gathering the necessary details about the issue. Could you please provide the following information:

1. What is the name of the Python file that contains the decorated `__init__` method?
2. What is the name of the decorator that is being used?
3. What is the expected behavior of the decorated `__init__` method according to the PR description?
4. Are there any specific settings or configurations in the Sphinx documentation tool that need to be adjusted to ensure the decorated `__init__` method is included in the documentation?

Once I have this information, I can help you explore the repository and make the necessary changes.<|im_end|>","I don't have the exact file name in the `tensorpack` repository, but this happens with any decorated method/class. 

For your other questions:
2. The decorator is a custom decorator, but it uses `functools.wraps` so that `obj.__doc__` is preserved on the wrapper.
3. The expected behavior is that the decorated `__init__` method should be documented as if it were a normal `__init__` method, since it has a docstring.
4. Yes, `napoleon_include_init_with_doc = True` must be enabled. 

The bug itself is in Sphinx's `sphinx/ext/napoleon/__init__.py` because it tries to look up the class in `obj.__globals__`, which fails when `obj` is a wrapper/decorated object.",3,4,4,3
7b,sphinx-doc__sphinx-7454,"Sure! Let's start by gathering the necessary details about the issue. Could you please provide the following information:

1. What is the current value of the `autodoc_typehints` setting in your Sphinx configuration file (`conf.py`)?
2. Can you describe the behavior you are seeing when `autodoc_typehints` is set to 'description' and 'signature'?
3. Are there any specific examples or code snippets that demonstrate the inconsistency you are encountering?
4. Do you have any preferences or constraints regarding how the fix should be implemented?

Once I have this information, I can help you proceed with the necessary changes.<|im_end|>","1. The current value of the `autodoc_typehints` setting is commented out, but I've noted that when it is set to `'description'`, it generates a clickable link for `None`. 

2. When `autodoc_typehints` is set to `'description'`, the `None` return type generates a link to the documentation for `None`. However, when it is set to `'signature'`, the `None` in the signature does not create a clickable link.

3. I provided an example in my issue report with the functions `f1` and `f2`. In the output with `autodoc_typehints='description'`, the `None` is linked, while with `autodoc_typehints='signature'`, it is not linked.

4. I do not have any specific preferences or constraints regarding how the fix should be implemented, but I expect that `None` should link to its documentation in both modes.","Sure! Let's start by gathering the necessary details about the issue. Could you please provide the following information:

1. What is the current value of the `autodoc_typehints` setting in your Sphinx configuration file (`conf.py`)?
2. Can you describe the behavior you are seeing when `autodoc_typehints` is set to 'description' and 'signature'?
3. Are there any specific examples or code snippets that demonstrate the inconsistency you are encountering?
4. Do you have any preferences or constraints regarding how the fix should be implemented?

Once I have this information, I can help you proceed with the necessary changes.<|im_end|>","1. By default (or with `autodoc_typehints='signature'`), the issue occurs. If I uncomment `#autodoc_typehints = 'description'`, `None` is correctly linked in the description, but not in signature mode.

2. With `'description'`, the generated HTML has a clickable link to Python's `None` documentation page. With `'signature'`, the `None` in `f1() -> None` is just plain text and not clickable, whereas other type hints like `int` are clickable links.

3. Yes, the reproducer script in my report shows this:
```python
def f1() -> None: return None
def f2() -> int: return 42
```
When built, `f2` links to `int` in the signature, but `f1` does not link to `None`. Under `description`, both are successfully linked.

4. I don't have any specific implementation constraints, as long as `None` in a type hint links to the `None` singleton documentation, regardless of whether `description` or `signature` mode is used.",4,5,5,4
7b,django__django-11099,"Sure, let's start by gathering the necessary details about the issue. Could you please provide the current regular expression used for username validation in the codebase? Additionally, could you specify the file and line number where this regular expression is defined?<|im_end|>","The current regular expression used for username validation is `r'^[\w.@+-]+$'`. This is defined in the file `django/contrib/auth/validators.py`. I don't have the specific line number, but it's within the `ASCIIUsernameValidator` and `UnicodeUsernameValidator` classes.","Sure, let's start by gathering the necessary details about the issue. Could you please provide the current regular expression used for username validation in the codebase? Additionally, could you specify the file and line number where this regular expression is defined?<|im_end|>","The current regular expression used is `r'^[\w.@+-]+$'`. 

It is defined in the file `django/contrib/auth/validators.py` within the `ASCIIUsernameValidator` and `UnicodeUsernameValidator` classes. I don't have the exact line numbers, but they should be easy to find in those two validator classes.",4,4,4,4
7b,pylint-dev__pylint-6903,"Sure! Let's start by gathering some details about the issue. Could you please provide the following information:

1. What is the function that calculates the number of CPUs available?
2. What is the expected behavior when the number of CPUs is zero?
3. Are there any specific conditions under which the number of CPUs is calculated to be zero?
4. Have you encountered this issue before, and if so, how did you resolve it?
5. Are there any logs or error messages that can help us understand the issue better?

Once I have this information, I can help you proceed with the necessary changes.<|im_end|>","1. The function that calculates the number of CPUs available is `pylint.run._query_cpu()`.

2. The expected behavior when the number of CPUs is zero is that pylint should not crash. It should handle the situation gracefully and potentially default to using at least one CPU instead.

3. The specific condition under which the number of CPUs is calculated to be zero is when the values in the cgroup files indicate insufficient resources, such as `cpu.shares` being very low or invalid values in `cpu.cfs_quota_us` and `cpu.cfs_period_us`.

4. I have encountered this issue when running pylint in a Kubernetes Pod with `--jobs=0`, which leads to a crash due to multiprocessing attempting to use 0 processes.

5. Yes, the logs and error messages indicate a ValueError: ""Number of processes must be at least 1,"" which happens during the initialization of the multiprocessing Pool in pylint.","Sure! Let's start by gathering some details about the issue. Could you please provide the following information:

1. What is the function that calculates the number of CPUs available?
2. What is the expected behavior when the number of CPUs is zero?
3. Are there any specific conditions under which the number of CPUs is calculated to be zero?
4. Have you encountered this issue before, and if so, how did you resolve it?
5. Are there any logs or error messages that can help us understand the issue better?

Once I have this information, I can help you proceed with the necessary changes.<|im_end|>","Hi, here are the details from my environment and findings:

1. The function is `_query_cpu()` located in `pylint/lint/run.py` (originally introduced to calculate the CPU count based on cgroup settings).
2. The expected behavior is that the calculated number should never be 0 (it should fall back to at least 1) because `multiprocessing.Pool` needs a value of at last 1 process.
3. This happens in a Kubernetes Pod environment where the cgroup files have these values:
   - `/sys/fs/cgroup/cpu/cpu.cfs_quota_us` = `-1`
   - `/sys/fs/cgroup/cpu/cpu.shares` = `2`
   This leads to the calculation `int(cpu_shares / 1024)` which evaluates to `int(2 / 1024) = 0`.
4. I'm hitting this in version 2.14.0. I propose resolving it by ensuring the returned CPU count is at least 1 (e.g., appending `or 1` or using max).
5. Yes, the crash log shows:
   ```
   ValueError: Number of processes must be at least 1
   ```
   originating from `multiprocessing/pool.py` during `check_parallel` setup.",5,5,5,5
7b,sphinx-doc__sphinx-9281,"Sure! Let's start by gathering some details about the issue. Could you please provide more information about the Python Enum values that are being rendered in function signatures? Specifically, what is the expected output and what is the actual output that you are seeing? Additionally, could you specify the version of Sphinx that you are using and any other relevant details that might help us understand the issue better?<|im_end|>","The expected output for the function signature is:

```
ugly_enum_func(e: ugly_enum.MyEnum = MyEnum.ValueA) -> None
```

However, the actual output rendered is:

```
ugly_enum_func(e: ugly_enum.MyEnum = <MyEnum.ValueA: 10>) -> None
```

I'm using Sphinx version 4.0.2, and the Python version is 3.9.5. The issue arises from how Enum values are represented in the documentation, which includes the Enum type and its value in angle brackets.","Sure! Let's start by gathering some details about the issue. Could you please provide more information about the Python Enum values that are being rendered in function signatures? Specifically, what is the expected output and what is the actual output that you are seeing? Additionally, could you specify the version of Sphinx that you are using and any other relevant details that might help us understand the issue better?<|im_end|>","Hi! 

Currently, the default values for Python Enums are being rendered in the signature using their standard `repr()`, which looks like this:

**Actual output:**
`ugly_enum_func(e: ugly_enum.MyEnum = <MyEnum.ValueA: 10>) -> None`

**Expected output:**
`ugly_enum_func(e: ugly_enum.MyEnum = MyEnum.ValueA) -> None`

Here is my environment info:
- **Sphinx version:** 4.0.2
- **Python version:** 3.9.5
- **Sphinx extensions:** autodoc

As a hint, it seems Sphinx's autodoc uses `repr()` for default arguments, but Python's `enum.Enum` returns the `<MyEnum.ValueA: 10>` format for its `repr()`. Special-casing Enum types in autodoc (specifically around `sphinx/util/inspect.py`) might be the best way to handle this.",5,5,5,5
7b,sympy__sympy-24213,"Sure! Let's start by gathering the necessary details about the issue. Could you please provide more information about the function that is failing to recognize equivalent dimensions when performing addition operations on quantities with different dimensions? Specifically, could you:

1. Identify the function name and its location within the repository?
2. Provide an example of the input and expected output for the function?
3. Describe the error message you are encountering when the function is called with inputs that should be recognized as equivalent dimensions?

Once I have this information, I can help you explore the repository and make the necessary changes.<|im_end|>","1. The function that is failing is `_collect_factor_and_dimension`, and it is located in `sympy/physics/units/unitsystem.py`.

2. An example of the input is:
   ```python
   expr1 = a1*t1 + v1
   ```
   The expected output should ideally combine these quantities without raising an error, but currently, it raises an error due to a dimension mismatch.

3. The error message I am encountering is:
   ```
   ValueError: Dimension of ""v1"" is Dimension(velocity), but it should be Dimension(acceleration*time)
   ```","Sure! Let's start by gathering the necessary details about the issue. Could you please provide more information about the function that is failing to recognize equivalent dimensions when performing addition operations on quantities with different dimensions? Specifically, could you:

1. Identify the function name and its location within the repository?
2. Provide an example of the input and expected output for the function?
3. Describe the error message you are encountering when the function is called with inputs that should be recognized as equivalent dimensions?

Once I have this information, I can help you explore the repository and make the necessary changes.<|im_end|>","The function failing is `_collect_factor_and_dimension` located in `sympy/physics/units/unitsystem.py`.

Here is the information you requested:

1. **Function and Location:** `_collect_factor_and_dimension` in `sympy/physics/units/unitsystem.py`.
2. **Input and Expected Output:**
   * **Input:** `expr1 = a1*t1 + v1` (where `a1` is acceleration, `t1` is time, and `v1` is velocity).
   * **Expected Output:** It should successfully return the collected factor and the dimension, which is `Dimension(velocity)` (or an equivalent dimension like `Dimension(acceleration*time)`), since acceleration * time is dimensionally equivalent to velocity.
3. **Error Message:**
   ```
   ValueError: Dimension of ""v1"" is Dimension(velocity), but it should be Dimension(acceleration*time)
   ```",5,5,5,5
7b,sympy__sympy-23262,"Sure! Let's start by gathering the necessary details about the issue. Could you please provide the following information:

1. What is the exact code snippet that is causing the issue?
2. What is the expected output when the code snippet is executed?
3. What is the actual output when the code snippet is executed?
4. Are there any specific conditions under which the issue occurs?

Once I have this information, I can help you proceed with the necessary changes to the repository.<|im_end|>","1. The exact code snippet causing the issue is:
   ```python
   import inspect
   from sympy import lambdify
   inspect.getsource(lambdify([], tuple([1])))
   ```

2. The expected output when the code snippet is executed is:
   ```python
   'def _lambdifygenerated():\n    return (1,)'
   ```

3. The actual output when the code snippet is executed in SymPy 1.10 is:
   ```python
   'def _lambdifygenerated():\n    return (1)'
   ```

4. The issue occurs when using `tuple` with a single element. For tuples with two or more elements, the output is correct.","Sure! Let's start by gathering the necessary details about the issue. Could you please provide the following information:

1. What is the exact code snippet that is causing the issue?
2. What is the expected output when the code snippet is executed?
3. What is the actual output when the code snippet is executed?
4. Are there any specific conditions under which the issue occurs?

Once I have this information, I can help you proceed with the necessary changes to the repository.<|im_end|>","Hi, here is the information you requested:

1. **Exact code snippet causing the issue**:
```python
import inspect
from sympy import lambdify

inspect.getsource(lambdify([], tuple([1])))
```

2. **Expected output**:
```
'def _lambdifygenerated():\n    return (1,)\n'
```
(A python tuple with a single element needs the trailing comma).

3. **Actual output** in SymPy 1.10:
```
'def _lambdifygenerated():\n    return (1)\n'
```
(No trailing comma is present, which makes it return an integer instead of a tuple).

4. **Specific conditions**:
This specifically occurs with a Python built-in `tuple` containing exactly one element. Tuples with two or more elements work fine (e.g., `tuple([1, 2])` prints correctly as `(1, 2)`). It was bisected to commit `6ccd2b07ded5074941bb80b5967d60fa1593007a` (from PR #21993).",5,5,5,5
7b,mwaskom__seaborn-3069,"Sure! Let's start by gathering some details about the issue. Could you please provide more information about the specific behaviors of categorical scales that need to be applied to nominal scales? Additionally, are there any specific challenges or edge cases you are aware of that we should be mindful of?<|im_end|>","The specific behaviors of categorical scales that should be applied to nominal scales include:

1. The scale should be drawn to +/- 0.5 from the first and last tick, avoiding the normal margin logic.
2. A grid should not be shown, even if the style typically requires it.
3. If the nominal scale is on the y-axis, the axis should be inverted.

As for challenges, implementing the sticky edges with an invisible artist might feel like a hack, and I'm unsure how to defer to the theme if users want to force a grid. These points might require careful consideration.","Sure! Let's start by gathering some details about the issue. Could you please provide more information about the specific behaviors of categorical scales that need to be applied to nominal scales? Additionally, are there any specific challenges or edge cases you are aware of that we should be mindful of?<|im_end|>","On a categorical axis, three specific behaviors happen that we should probably apply to `so.Nominal` scales (including inferred ones):

1. **Axis limits**: The scale is drawn to +/- 0.5 from the first and last tick, instead of using normal margin logic. Implementing this is a bit tricky; one suggested approach in matplotlib is adding an invisible artist with sticky edges and setting the margin to 0, or setting sticky edges on the spine artist itself.
2. **No grid**: By default, a grid is not shown on the categorical/nominal axis even if the active style/theme would normally show one. We need to think about how to let users force a grid if they really want one, or if it should be configurable on the scale object.
3. **Inverted y-axis**: If the nominal scale is on the y-axis, the axis should be inverted so the first category is at the top.",4,5,5,4
7b,scikit-learn__scikit-learn-14141,"Sure! Let's start by gathering the necessary details about the issue. Could you please provide the following information:

1. What specific dependency needs to be included in the version display or issue template?
2. What is the version threshold that triggers the need to include this dependency?
3. Are there any specific files or directories in the repository that should be modified to achieve this?
4. Do you have any examples or screenshots that can help illustrate the issue or the desired outcome?

Once I have this information, I can help you proceed with the necessary changes.<|im_end|>","1. The specific dependency that needs to be included is joblib.
2. The version threshold that triggers the need to include this dependency is when sklearn version is greater than 0.20.
3. Yes, the file that should be modified is sklearn/utils/_show_versions.py.
4. I don't have that information.","Sure! Let's start by gathering the necessary details about the issue. Could you please provide the following information:

1. What specific dependency needs to be included in the version display or issue template?
2. What is the version threshold that triggers the need to include this dependency?
3. Are there any specific files or directories in the repository that should be modified to achieve this?
4. Do you have any examples or screenshots that can help illustrate the issue or the desired outcome?

Once I have this information, I can help you proceed with the necessary changes.<|im_end|>","Here is the information:

1. **Dependency**: `joblib` needs to be added.
2. **Version threshold**: When the scikit-learn version is `> 0.20`.
3. **Files**: The file `sklearn/utils/_show_versions.py` should be modified to include it in the `show_versions` dependencies list.
4. **Examples**: I don't have screenshots, but currently when running `sklearn.show_versions()`, `joblib` is missing from the printable list of dependencies, which makes it harder to debug issues related to parallel processing since `joblib` became an external dependency after 0.20.",4,5,5,4
7b,django__django-12209,"Sure! Let's start by gathering some necessary details about the issue. Could you please provide the following information:

1. What is the name of the Django model that is causing the issue?
2. What is the primary key field of the model, and does it have a default value?
3. Can you provide an example of the code that is causing the issue?
4. Are there any specific Django versions that you have tested this issue with, and what were the results?

Once I have this information, I can help you proceed with the necessary changes.<|im_end|>","1. The name of the Django model is `Sample`.
2. The primary key field is `id`, which is a `UUIDField` that has a default value of `uuid4`.
3. An example of the code that is causing the issue is:
   ```python
   s0 = Sample.objects.create()
   s1 = Sample(pk=s0.pk, name='Test 1')
   s1.save()
   ```
4. I have tested this issue with Django 2.2 and Django 3.0. In Django 2.2, it results in an INSERT followed by an UPDATE, but in Django 3.0, it results in two INSERTs instead.","Sure! Let's start by gathering some necessary details about the issue. Could you please provide the following information:

1. What is the name of the Django model that is causing the issue?
2. What is the primary key field of the model, and does it have a default value?
3. Can you provide an example of the code that is causing the issue?
4. Are there any specific Django versions that you have tested this issue with, and what were the results?

Once I have this information, I can help you proceed with the necessary changes.<|im_end|>","Hi, here are the details:

1. **Model Name**: `Sample`
2. **Primary Key**: `id`, which is a `UUIDField` with `default=uuid4`.
3. **Example Code**:
```python
from uuid import uuid4
from django.db import models

class Sample(models.Model):
    id = models.UUIDField(primary_key=True, default=uuid4)
    name = models.CharField(blank=True, max_length=100)

s0 = Sample.objects.create()
s1 = Sample(pk=s0.pk, name='Test 1')
s1.save()
```
4. **Django Versions & Results**: In Django 2.2 and earlier, this resulted in an INSERT followed by an UPDATE. In Django 3.0, it tries to do two INSERTs, causing the second one to fail. I also noticed that this breaks `loaddata` when reloading fixtures with existing objects.",5,5,5,5
7b,sympy__sympy-19637,"Sure! Let's start by gathering the necessary details about the issue. Could you please provide the following information:

1. What is the name of the function that is causing the error?
2. What is the specific line number where the error occurs?
3. What is the mathematical expression or operation that is being processed when the error occurs?
4. Are there any specific variables or parameters that are involved in the operation that is causing the error?
5. Have you already identified any potential solutions or workarounds for the issue?<|im_end|>","1. The function causing the error is `kern`.
2. The specific line number is not mentioned in the issue I reported.
3. The mathematical expression being processed is ""(2*x)/(x-1)"".
4. The primary variable involved is `x`.
5. I have not identified any potential solutions or workarounds for the issue.","Sure! Let's start by gathering the necessary details about the issue. Could you please provide the following information:

1. What is the name of the function that is causing the error?
2. What is the specific line number where the error occurs?
3. What is the mathematical expression or operation that is being processed when the error occurs?
4. Are there any specific variables or parameters that are involved in the operation that is causing the error?
5. Have you already identified any potential solutions or workarounds for the issue?<|im_end|>","Here is the information you requested:

1. The function causing the error is `kernS` in `sympy.core.sympify`.
2. I don't have the exact line number, but the traceback points to the line: `hit = kern in s`.
3. The expression being processed is the string `""(2*x)/(x-1)""`.
4. The error is triggered when calling `kernS(""(2*x)/(x-1)"")` which results in `UnboundLocalError: local variable 'kern' referenced before assignment`.
5. I don't have any workarounds or solutions for this yet.",4,4,4,4
7b,django__django-13837,"Sure! Let's start by gathering the necessary details about the issue. Could you please provide the following information:

1. What is the current behavior of Django's `runserver` autoreload functionality when launching Python modules other than `django` with the `-m` flag?
2. Are there any specific error messages or logs that are generated when trying to launch a Python module other than `django` with the `-m` flag?
3. What is the expected behavior of Django's `runserver` autoreload functionality when launching Python modules other than `django` with the `-m` flag?
4. Are there any specific Python environments or setups where the current implementation of Django's `runserver` autoreload functionality fails to detect modules?

Once I have this information, I can help you explore the repository and make the necessary changes.<|im_end|>","1. The current behavior is that `django.utils.autoreload.get_child_arguments` only detects when Python is launched with `-m django`, which prevents autoreloading for other Python modules even when they are intended to be used with Django's runserver.

2. No specific error messages or logs are generated in this context; the issue is more about the lack of functionality rather than an error.

3. The expected behavior is that `runserver` should support autoreloading when launching any Python module with the `-m` flag, following the proposed method of checking `__main__.__spec__.parent`.

4. The issue is particularly problematic in Python environments where `__file__` is not set on modules, which can happen in certain setups, but I don't have specific environments to list.","Sure! Let's start by gathering the necessary details about the issue. Could you please provide the following information:

1. What is the current behavior of Django's `runserver` autoreload functionality when launching Python modules other than `django` with the `-m` flag?
2. Are there any specific error messages or logs that are generated when trying to launch a Python module other than `django` with the `-m` flag?
3. What is the expected behavior of Django's `runserver` autoreload functionality when launching Python modules other than `django` with the `-m` flag?
4. Are there any specific Python environments or setups where the current implementation of Django's `runserver` autoreload functionality fails to detect modules?

Once I have this information, I can help you explore the repository and make the necessary changes.<|im_end|>","1. Currently, `django.utils.autoreload.get_child_arguments` only detects if Python was launched specifically as `python -m django`. If you run it with another package (e.g., `python -m pkg_other_than_django runserver`), the autoreloader doesn't preserve the `-m other_package` arguments for child processes properly because it only checks for `""django""`.

2. I don't have any specific error messages or logs; the main issue is that autoreloading doesn't correctly re-execute the custom package as `-m custom_package`.

3. The expected behavior is that Django should detect if Python was launched with `-m <any_package>` and preserve that package as the module entry point when launching the child process for autoreloading. 

4. This fails in any Python environment where `__file__` is not set on modules. Also, it fails generally when trying to use custom Django-based command-line utilities that have their own `__main__` sub-module while overriding Django's built-in `runserver`.",4,4,4,4
7b,django__django-16100,"Sure! Let's start by gathering the necessary details about the issue. Could you please provide more information about the Django admin view that is causing the concern regarding the lack of transaction handling? Specifically, which view is affected, and what kind of data modifications are being made? Additionally, are there any specific error messages or behaviors that you have observed when this view is accessed?<|im_end|>","The affected view is the `changelist_view` in the Django admin. This view can change data in the database when editing rows in the list view, especially when using the `list_editable` feature. I haven't encountered specific error messages, but the concern is about potential unexpected states in the database if an error occurs during the data modifications.","Sure! Let's start by gathering the necessary details about the issue. Could you please provide more information about the Django admin view that is causing the concern regarding the lack of transaction handling? Specifically, which view is affected, and what kind of data modifications are being made? Additionally, are there any specific error messages or behaviors that you have observed when this view is accessed?<|im_end|>","The view affected is `changelist_view` in the Django admin (specifically in `django/contrib/admin/options.py`), during the processing of `list_editable` fields where bulk changes are saved to the database. 

We haven't run into a specific error message, but because these database modifications aren't wrapped in a transaction, any database error midway through saving the list_editable formset leaves the database in an inconsistent, partially-updated state. Wrapping this processing in a transaction would prevent that.",4,5,5,4
7b,django__django-13112,"Sure! Let's start by gathering some details about the issue. Could you please provide the following information:

1. What is the name of the app that is causing the issue? (e.g., `myapp`, `MyApp`, etc.)
2. What is the name of the model that contains the ForeignKey?
3. What is the name of the app that the ForeignKey references?
4. Can you provide a snippet of the code where the ForeignKey is defined?
5. What is the exact error message you are encountering when running the migration command?

Once I have this information, I can help you proceed with the necessary changes.<|im_end|>","1. The name of the app that is causing the issue is `DJ_RegLogin`.
2. The model that contains the ForeignKey is `Content`.
3. The ForeignKey references the app `DJ_RegLogin` itself, specifically the model `Category`.
4. The ForeignKey is defined as: `category = models.ForeignKey(Category, on_delete=models.CASCADE)`.
5. The exact error message I am encountering is: `ValueError: The field DJ_RegLogin.Content.category was declared with a lazy reference to 'dj_reglogin.category', but app 'dj_reglogin' isn't installed.`","Sure! Let's start by gathering some details about the issue. Could you please provide the following information:

1. What is the name of the app that is causing the issue? (e.g., `myapp`, `MyApp`, etc.)
2. What is the name of the model that contains the ForeignKey?
3. What is the name of the app that the ForeignKey references?
4. Can you provide a snippet of the code where the ForeignKey is defined?
5. What is the exact error message you are encountering when running the migration command?

Once I have this information, I can help you proceed with the necessary changes.<|im_end|>","Hi! Here are the details:

1. The app name is **`DJ_RegLogin`**.
2. The model containing the `ForeignKey` is **`Content`**.
3. It references the **`Category`** model (which is in the same `DJ_RegLogin` app).
4. Here is the snippet:
```python
category = models.ForeignKey(Category, on_delete=models.CASCADE)
```
5. The exact error message is:
`ValueError: The field DJ_RegLogin.Content.category was declared with a lazy reference to 'dj_reglogin.category', but app 'dj_reglogin' isn't installed.`",5,5,5,5
7b,pytest-dev__pytest-7490,"Sure, let's start by gathering the necessary details about the issue. Could you please provide the following information:

1. What is the specific change in behavior you observed when transitioning from pytest version 5.x to 6.0.0rc0?
2. Can you provide an example of a test that was previously marked as xfail dynamically and is now failing outright in pytest 6.0.0rc0?
3. Are there any specific files or directories in the repository that you believe might be relevant to this issue?
4. Do you have any specific error messages or stack traces that you can share when running the tests with pytest 6.0.0rc0?

Once I have this information, I can help you explore the repository and identify the necessary changes.<|im_end|>","1. The specific change in behavior I observed is that a test dynamically marked as xfail using `request.node.add_marker(mark)` in pytest 5.x is treated as an expected failure, but in pytest 6.0.0rc0, it raises an `AssertionError` instead of being ignored.

2. Yes, here is an example of a test that was previously marked as xfail dynamically and is now failing outright in pytest 6.0.0rc0:
   ```python
   def test_xfail_test(request):
       mark = pytest.mark.xfail(reason=""xfail"")
       request.node.add_marker(mark)
       assert 0
   ```

3. No specific files or directories in the repository that I believe might be relevant other than the test file itself.

4. The error message when running the test with pytest 6.0.0rc0 is:
   ```
   E       assert 0
   ```
   This indicates that the assertion failed instead of being marked as xfail.","Sure, let's start by gathering the necessary details about the issue. Could you please provide the following information:

1. What is the specific change in behavior you observed when transitioning from pytest version 5.x to 6.0.0rc0?
2. Can you provide an example of a test that was previously marked as xfail dynamically and is now failing outright in pytest 6.0.0rc0?
3. Are there any specific files or directories in the repository that you believe might be relevant to this issue?
4. Do you have any specific error messages or stack traces that you can share when running the tests with pytest 6.0.0rc0?

Once I have this information, I can help you explore the repository and identify the necessary changes.<|im_end|>","Here are the details you requested:

1. **Specific change in behavior**: In pytest 5.x, dynamically adding an `xfail` marker to a test using `request.node.add_marker(mark)` successfully treated the failing test as an expected failure (`xfail`). In pytest 6.0.0rc0, it no longer ignores the failure and instead raises an error, failing the test outright.

2. **Example test**:
   ```python
   # file: test_foo.py
   import pytest

   def test_xfail_test(request):
       mark = pytest.mark.xfail(reason=""xfail"")
       request.node.add_marker(mark)
       assert 0
   ```

3. **Relevant files/commits**:
   * File: `src/_pytest/skipping.py`
   * There was a hint that this is likely a regression introduced in commit `c9737ae914891027da5f0bd39494dd51a3b3f19f`.

4. **Error output with pytest 6.0.0rc0**:
   ```
   _________________________________________________________________________________ test_xfail_test ___________________________________________________________________________________

   request = <FixtureRequest for <Function test_xfail_test>>

       def test_xfail_test(request):
           mark = pytest.mark.xfail(reason=""xfail"")
           request.node.add_marker(mark)
   >       assert 0
   E       assert 0

   test_foo.py:7: AssertionError
   ```",4,5,5,4
14b,scikit-learn__scikit-learn-14983,"To help you resolve the issue with the `__repr__` method for the `RepeatedKFold` and `RepeatedStratifiedKFold` classes, I need to gather some specific details. Could you please provide the following information:

1. **Location of the Classes**: Where are the `RepeatedKFold` and `RepeatedStratifiedKFold` classes defined in the repository? Please provide the file paths.

2. **Current `__repr__` Implementation**: What is the current implementation of the `__repr__` method for these classes? Please provide the relevant code snippets.

3. **Expected Output**: What is the expected string representation for these classes? Please provide examples of how you would like the output to look.

Once I have this information, I can proceed to explore the repository and make the necessary changes.<|im_end|>","1. The `RepeatedKFold` and `RepeatedStratifiedKFold` classes are defined in the `sklearn/model_selection/_split.py` file.

2. The current implementation does not define a `__repr__` method for these classes, which results in the default object representation being returned, like this:
   ```python
   <sklearn.model_selection._split.RepeatedKFold object at 0x...>
   <sklearn.model_selection._split.RepeatedStratifiedKFold object at 0x...>
   ```

3. The expected string representation for these classes should look like this:
   ```python
   RepeatedKFold(n_splits=5, n_repeats=10, random_state=None)
   RepeatedStratifiedKFold(n_splits=5, n_repeats=10, random_state=None)
   ```","To help you resolve the issue with the `__repr__` method for the `RepeatedKFold` and `RepeatedStratifiedKFold` classes, I need to gather some specific details. Could you please provide the following information:

1. **Location of the Classes**: Where are the `RepeatedKFold` and `RepeatedStratifiedKFold` classes defined in the repository? Please provide the file paths.

2. **Current `__repr__` Implementation**: What is the current implementation of the `__repr__` method for these classes? Please provide the relevant code snippets.

3. **Expected Output**: What is the expected string representation for these classes? Please provide examples of how you would like the output to look.

Once I have this information, I can proceed to explore the repository and make the necessary changes.<|im_end|>","1. The classes are defined in the file `sklearn/model_selection/_split.py`.

2. Currently, there is no `__repr__` method implemented in `_RepeatedSplits` (the base class) or its subclasses, so they use the default python object representation.

3. The expected output is:
```python
>>> repr(RepeatedKFold())
RepeatedKFold(n_splits=5, n_repeats=10, random_state=None)
>>> repr(RepeatedStratifiedKFold())
RepeatedStratifiedKFold(n_splits=5, n_repeats=10, random_state=None)
```",5,5,5,5
14b,django__django-12193,"To help you resolve the issue with the `SplitArrayField` when using `BooleanField`, I need to gather some specific details. Could you please provide the following information:

1. **Location of the `SplitArrayField` class**: What is the file path of the file where the `SplitArrayField` class is defined?
2. **Location of the `CheckboxInput` widget**: What is the file path of the file where the `CheckboxInput` widget is defined?
3. **Relevant code snippet**: Could you provide a code snippet of how the `SplitArrayField` is used in the repository, particularly where the `BooleanField` is involved?
4. **Expected behavior**: What is the expected behavior when using `SplitArrayField` with `BooleanField`? How should the checkboxes be marked as checked based on the data array?
5. **Current behavior**: What is the current behavior when using `SplitArrayField` with `BooleanField`? How are the checkboxes being marked as checked?

Once I have this information, I can proceed to explore the repository and make the necessary changes.<|im_end|>",I don't have that information.,"To help you resolve the issue with the `SplitArrayField` when using `BooleanField`, I need to gather some specific details. Could you please provide the following information:

1. **Location of the `SplitArrayField` class**: What is the file path of the file where the `SplitArrayField` class is defined?
2. **Location of the `CheckboxInput` widget**: What is the file path of the file where the `CheckboxInput` widget is defined?
3. **Relevant code snippet**: Could you provide a code snippet of how the `SplitArrayField` is used in the repository, particularly where the `BooleanField` is involved?
4. **Expected behavior**: What is the expected behavior when using `SplitArrayField` with `BooleanField`? How should the checkboxes be marked as checked based on the data array?
5. **Current behavior**: What is the current behavior when using `SplitArrayField` with `BooleanField`? How are the checkboxes being marked as checked?

Once I have this information, I can proceed to explore the repository and make the necessary changes.<|im_end|>","Hi, here is the information I have regarding your questions:

1. **Location of `SplitArrayField`**: I don't have the exact file path for `SplitArrayField`, but it is part of Django's postgres-specific form fields.
2. **Location of `CheckboxInput`**: It is located in `django/forms/widgets.py` (specifically, its `get_context()` method around line 527).
3. **Relevant code snippet**: I don't have a specific code snippet on hand, but this occurs when initializing a `SplitArrayField` using `BooleanField` with preexisting data like `[True, False, False]`.
4. **Expected behavior**: Only the checkboxes corresponding to `True` values should be checked. Any checkbox corresponding to a `False` value should remain unchecked.
5. **Current behavior**: Once a `True` value is encountered in the initial data array, every checkbox widget initialized after it defaults to checked, even if its backing data is `False`. This happens because `CheckboxInput.get_context()` modifies the passed-in `attrs` dict in-place by setting `attrs['checked'] = True`.",1,4,4,1
14b,sphinx-doc__sphinx-10449,"To help you resolve the issue, I need to gather some specific details. Could you please provide the following information:

1. **Which configuration setting or option in Sphinx is causing the unexpected behavior?**
2. **Can you provide an example of the class documentation that is being affected by this issue?**
3. **Are there any specific files or modules in the repository that are particularly relevant to this issue?**
4. **Do you have any specific error messages or logs that you can share related to this issue?**

Once I have this information, I can proceed to explore the repository and make the necessary changes.<|im_end|>","1. The configuration setting causing the unexpected behavior is `autodoc_typehints = ""description""`.

2. An example of the class documentation that is affected:
   ```py
   class Square:
       """"""A class representing a square figure.""""""

       def __init__(self, width: int, height: int) -> None:
           self.width = width
           self.height = height
   ```
   The returned documentation includes the class's ""return type"".

3. The relevant files in the repository include `sample_package/__init__.py`, `docs/index.rst`, and `docs/conf.py`.

4. I don't have that information.","To help you resolve the issue, I need to gather some specific details. Could you please provide the following information:

1. **Which configuration setting or option in Sphinx is causing the unexpected behavior?**
2. **Can you provide an example of the class documentation that is being affected by this issue?**
3. **Are there any specific files or modules in the repository that are particularly relevant to this issue?**
4. **Do you have any specific error messages or logs that you can share related to this issue?**

Once I have this information, I can proceed to explore the repository and make the necessary changes.<|im_end|>","Here is the information you requested:

1. **Which configuration setting is causing the behavior:**
`autodoc_typehints = ""description""` causes this issue.

2. **Example class:**
```python
class Square:
    """"""A class representing a square figure.""""""

    def __init__(self, width: int, height: int) -> None:
        self.width = width
        self.height = height
```

3. **Relevant files or modules:**
The issue lies in how Sphinx's `autodoc` handles typehints, particularly in `sphinx/ext/autodoc/typehints.py`.

4. **Error messages or logs:**
There are no error messages or logs, as the build succeeds without error. However, the output HTML documentation incorrectly shows a return type (like `Return type: None`) for the class itself.",4,5,5,4
14b,django__django-14559,"To help you resolve the issue, I need to gather some specific details. Could you please provide the following information:

1. **Function Names**: What are the names of the two functions mentioned in the PR description? One function provides feedback on the number of rows affected, and the other does not.
2. **File Locations**: In which files are these functions located within the `django__django__4.0` directory?
3. **Return Values**: What is the current return value of the function that does not provide feedback? What should the return value be after the enhancement?
4. **Usage Context**: In what context are these functions used? Are they part of a specific module or class?
5. **Dependencies**: Do these functions depend on any specific libraries or modules? If so, please list them.

Once I have this information, I can proceed to explore the repository and make the necessary changes.<|im_end|>","1. The two functions mentioned are `update()` and `bulk_update()`.

2. These functions are located in the `django/db/models/query.py` file.

3. The current return value of `bulk_update()` is None. After the enhancement, it should return an integer representing the number of rows matched.

4. Both functions are part of the Django ORM and are used for updating records in the database.

5. Yes, these functions depend on the Django ORM infrastructure, including models and database backends.","To help you resolve the issue, I need to gather some specific details. Could you please provide the following information:

1. **Function Names**: What are the names of the two functions mentioned in the PR description? One function provides feedback on the number of rows affected, and the other does not.
2. **File Locations**: In which files are these functions located within the `django__django__4.0` directory?
3. **Return Values**: What is the current return value of the function that does not provide feedback? What should the return value be after the enhancement?
4. **Usage Context**: In what context are these functions used? Are they part of a specific module or class?
5. **Dependencies**: Do these functions depend on any specific libraries or modules? If so, please list them.

Once I have this information, I can proceed to explore the repository and make the necessary changes.<|im_end|>","Hi, I can help with those details!

1. **Function Names**: `bulk_update()` (currently returns nothing) and `update()` (returns the number of matched rows).
2. **File Locations**: Both are in `django/db/models/query.py`.
3. **Return Values**: Currently, `bulk_update()` returns `None`. After this enhancement, it should return an integer representing the total number of rows matched (by summing the return values of the repeated `update()` calls it makes).
4. **Usage Context**: These functions are methods on the `QuerySet` class, used for database query operations in Django's ORM.
5. **Dependencies**: They are part of Django's core database/ORM modules.",4,5,5,4
14b,django__django-13315,"To help you resolve the issue with the Q object in the `limit_choices_to` parameter of a ForeignKey field, I need to gather some specific details. Could you please provide the following information:

1. **Which model and field are affected by this issue?** Please specify the model name and the ForeignKey field name.
2. **What is the current implementation of the `limit_choices_to` parameter?** Please provide the code snippet where the `limit_choices_to` is defined.
3. **Can you describe the structure of the related models involved in the join operation?** Specifically, the models that are being joined and how they are related.
4. **Are there any specific conditions or filters applied in the Q object?** Please provide the conditions or filters used in the Q object.
5. **What is the expected behavior?** How should the form display the options without duplicates?
6. **Are there any other relevant details or constraints that might affect the solution?** Please mention any additional information that could be relevant.

Once I have this information, I can proceed to explore the repository and make the necessary changes.<|im_end|>",I don't have that information.,"To help you resolve the issue with the Q object in the `limit_choices_to` parameter of a ForeignKey field, I need to gather some specific details. Could you please provide the following information:

1. **Which model and field are affected by this issue?** Please specify the model name and the ForeignKey field name.
2. **What is the current implementation of the `limit_choices_to` parameter?** Please provide the code snippet where the `limit_choices_to` is defined.
3. **Can you describe the structure of the related models involved in the join operation?** Specifically, the models that are being joined and how they are related.
4. **Are there any specific conditions or filters applied in the Q object?** Please provide the conditions or filters used in the Q object.
5. **What is the expected behavior?** How should the form display the options without duplicates?
6. **Are there any other relevant details or constraints that might affect the solution?** Please mention any additional information that could be relevant.

Once I have this information, I can proceed to explore the repository and make the necessary changes.<|im_end|>","I don't have a specific single model from my codebase to share, but the issue happens generally with any `ForeignKey` field where `limit_choices_to` is a `Q` object that spans a relation (involving a SQL JOIN).

Here are the details based on the issue:

1. **Affected Fields/Models**: Any model with a `ForeignKey` where `limit_choices_to` is a `Q` object involving a join.
2. **Implementation**: An example would be:
   ```python
   limit_choices_to=models.Q(some_relation__field_name=value)
   ```
3. **Model Structure**: A model `A` has a ForeignKey to model `B`. Model `B` has a relation (like a ForeignKey or ManyToMany) to model `C`. If we filter `B` choices on `A` using a relation to `C`, the underlying SQL join can return duplicate rows for `B`.
4. **Q Object Filters**: Any filter spanning a relation, such as `Q(relation__name='something')`.
5. **Expected Behavior**: The form field (like `ModelChoiceField` or `ModelMultipleChoiceField`) should list each available choice exactly once. Also, selecting a choice should not trigger a `MultipleObjectsReturned` error during form validation.
6. **Constraints/Details**: A previous attempt to fix this by adding `.distinct()` to the queryset was reverted because it broke on certain custom database fields (like PostgreSQL geometric/point fields) that cannot be used with database-level `DISTINCT`. We need a solution that prevents duplicates (perhaps by using an empty `.annotate()` to force a `GROUP BY` on the primary key, or another method) without causing database errors on custom fields.",1,4,4,1
14b,sphinx-doc__sphinx-8120,"To help you resolve the issue with custom translations in Sphinx, I need to gather some specific details. Could you please provide the following information:

1. What is the name of the custom translation file you are trying to add?
2. Where is this custom translation file located within the repository?
3. What are the specific configuration settings you have applied to include the custom translation file?
4. Have you made any changes to the `conf.py` file to include the custom translation file? If so, could you share the relevant part of the `conf.py` file?
5. Are there any error messages or logs that you have encountered when trying to use the custom translation file?

Once I have this information, I can proceed to explore the repository and work on a solution.<|im_end|>","1. The name of the custom translation file is `sphinx.po`.

2. This custom translation file is located at `locale/da/LC_MESSAGES/sphinx.po`.

3. The specific configuration setting I have applied is `gettext_auto_build = True` in the `conf.py` file.

4. In the `conf.py` file, I have set `language = 'da'` to indicate that I am using the Danish translation.

5. I haven't encountered any specific error messages or logs indicating an issue; the translations simply do not override the official Danish translations. 

Let me know if you need anything else!","To help you resolve the issue with custom translations in Sphinx, I need to gather some specific details. Could you please provide the following information:

1. What is the name of the custom translation file you are trying to add?
2. Where is this custom translation file located within the repository?
3. What are the specific configuration settings you have applied to include the custom translation file?
4. Have you made any changes to the `conf.py` file to include the custom translation file? If so, could you share the relevant part of the `conf.py` file?
5. Are there any error messages or logs that you have encountered when trying to use the custom translation file?

Once I have this information, I can proceed to explore the repository and work on a solution.<|im_end|>","Hello! Here are the answers to your questions based on my setup:

1. **File name**: I added `locale/da/LC_MESSAGES/sphinx.po`, which compiles into `locale/da/LC_MESSAGES/sphinx.mo`.
2. **Location**: It is located in the source directory (the same folder as the `Makefile` and `conf.py`).
3. **Configuration settings**: 
   - `language = 'da'`
   - `locale_dirs = ['locale']`
   - `gettext_auto_build = True`
4. **Changes to `conf.py`**: Yes, here are the relevant lines from my `conf.py`:
   ```python
   language = 'da'
   locale_dirs = ['locale']
   ```
5. **Errors/Logs**: There are no errors or logs. The build completes successfully and generates the `.mo` file, but Sphinx simply ignores the translations in it and uses the built-in system translations for Danish instead.",4,5,5,4
14b,sphinx-doc__sphinx-10466,"To help you resolve the issue with the duplication of location entries, I need to gather some specific details. Could you please provide the following information:

1. **Which Python file contains the method that generates the file with duplicate entries?**
2. **What is the name of the method in that Python file that is responsible for generating the file?**
3. **What is the name of the generated file that contains the duplicate entries?**
4. **What is the build command that needs to be run to reproduce the issue?**

Once I have this information, I can proceed to explore the repository and make the necessary changes.<|im_end|>","1. The Python file that contains the method generating the file with duplicate entries is `sphinx/builders/gettext.py`.

2. The method responsible for generating the file is the `__init__` method in the `Message` class.

3. The generated file that contains the duplicate entries is named `build/gettext/blender_manual.pot`.

4. The build command that needs to be run to reproduce the issue is `make clean; make gettext`.","To help you resolve the issue with the duplication of location entries, I need to gather some specific details. Could you please provide the following information:

1. **Which Python file contains the method that generates the file with duplicate entries?**
2. **What is the name of the method in that Python file that is responsible for generating the file?**
3. **What is the name of the generated file that contains the duplicate entries?**
4. **What is the build command that needs to be run to reproduce the issue?**

Once I have this information, I can proceed to explore the repository and make the necessary changes.<|im_end|>","1. The file is `sphinx/builders/gettext.py`.
2. The issue occurs within the `__init__` and `__iter__` methods of the catalog/message classes in `sphinx/builders/gettext.py` (specifically where `self.locations` and `positions` are processed).
3. The generated file with duplicates is `build/gettext/blender_manual.pot` (or any `.pot` file generated by the gettext builder).
4. The build command is `make clean; make gettext` (running the Sphinx gettext builder).",5,5,5,5
14b,django__django-13807,"To help you resolve the issue with the `loaddata` command in Django when dealing with SQL reserved keywords as table names, I need to gather some specific details. Could you please provide the following information:

1. **Django Version**: What version of Django are you using?
2. **Database Backend**: Are you using SQLite, or is it another database backend?
3. **Reserved Keywords**: Can you list the SQL reserved keywords that are causing the issue?
4. **Relevant Models**: Which models or apps are affected by this issue?
5. **Error Message**: What is the exact error message you are seeing when the `loaddata` command fails?

Once I have this information, I can proceed to explore the repository and make the necessary changes.<|im_end|>","1. **Django Version**: I confirmed the issue in Django versions 3.1.0 and 3.1.2.
2. **Database Backend**: I'm using SQLite.
3. **Reserved Keywords**: The SQL reserved keyword causing the issue is ""order.""
4. **Relevant Models**: The affected model is called ""Order.""
5. **Error Message**: The exact error message is: `sqlite3.OperationalError: near ""order"": syntax error`.

Let me know if you need any more information!","To help you resolve the issue with the `loaddata` command in Django when dealing with SQL reserved keywords as table names, I need to gather some specific details. Could you please provide the following information:

1. **Django Version**: What version of Django are you using?
2. **Database Backend**: Are you using SQLite, or is it another database backend?
3. **Reserved Keywords**: Can you list the SQL reserved keywords that are causing the issue?
4. **Relevant Models**: Which models or apps are affected by this issue?
5. **Error Message**: What is the exact error message you are seeing when the `loaddata` command fails?

Once I have this information, I can proceed to explore the repository and make the necessary changes.<|im_end|>","1. **Django Version**: I encountered and confirmed this on versions 3.1.0 and 3.1.2.
2. **Database Backend**: Yes, this is happening on SQLite.
3. **Reserved Keywords**: The keyword causing the failure in my case is `order` (which is a SQL reserved word).
4. **Relevant Models**: A model named `Order` (which maps to the table name `order` or has `db_table = 'order'`).
5. **Error Message**:
```
(0.000) PRAGMA foreign_key_check(order); args=None
Traceback (most recent call last):
  File ""python3.7/site-packages/django/db/backends/utils.py"", line 82, in _execute
    return self.cursor.execute(sql)
  File ""python3.7/site-packages/django/db/backends/sqlite3/base.py"", line 411, in execute
    return Database.Cursor.execute(self, query)
sqlite3.OperationalError: near ""order"": syntax error
```",5,5,5,5
14b,django__django-12125,"To help you resolve the issue with Django's `makemigrations` command, I need to gather some specific details. Could you please provide the following information:

1. **Model Definition**: What is the structure of the Django model that uses the custom field defined as an inner class? Please provide the relevant part of the model code.
2. **Custom Field Definition**: What is the definition of the custom field that is defined as an inner class? Please provide the relevant part of the custom field code.
3. **Expected Migration Output**: What is the expected output of the migration file for the model using the custom field? Please provide the expected migration code snippet.
4. **Actual Migration Output**: What is the actual output of the migration file generated by `makemigrations`? Please provide the actual migration code snippet.

Once I have this information, I can proceed to explore the repository and make the necessary changes.<|im_end|>","1. **Model Definition**: 
```python
class Outer(object):
    class Inner(models.CharField):
        pass

class A(models.Model):
    field = Outer.Inner(max_length=20)
```

2. **Custom Field Definition**: The custom field is defined as an inner class within the `Outer` class, and it subclasses `models.CharField`.

3. **Expected Migration Output**:
```python
migrations.CreateModel(
    name='A',
    fields=[
        ('id', models.AutoField(auto_created=True, primary_key=True, serialize=False, verbose_name='ID')),
        ('field', test1.models.Outer.Inner(max_length=20)),
    ],
),
```

4. **Actual Migration Output**:
```python
migrations.CreateModel(
    name='A',
    fields=[
        ('id', models.AutoField(auto_created=True, primary_key=True, serialize=False, verbose_name='ID')),
        ('field', test1.models.Inner(max_length=20)),
    ],
),
```","To help you resolve the issue with Django's `makemigrations` command, I need to gather some specific details. Could you please provide the following information:

1. **Model Definition**: What is the structure of the Django model that uses the custom field defined as an inner class? Please provide the relevant part of the model code.
2. **Custom Field Definition**: What is the definition of the custom field that is defined as an inner class? Please provide the relevant part of the custom field code.
3. **Expected Migration Output**: What is the expected output of the migration file for the model using the custom field? Please provide the expected migration code snippet.
4. **Actual Migration Output**: What is the actual output of the migration file generated by `makemigrations`? Please provide the actual migration code snippet.

Once I have this information, I can proceed to explore the repository and make the necessary changes.<|im_end|>","Here is the information from my report:

**1. Model & Custom Field Definition**
I have two examples where this occurs. 

First, with a custom field subclassed from `models.CharField` defined inside an outer class:
```python
class Outer(object):
    class Inner(models.CharField):
        pass

class A(models.Model):
    field = Outer.Inner(max_length=20)
```

Second, using `django-enumfields` with an `Enum` class nested inside a model:
```python
import enum
from enumfields import Enum, EnumField

class Thing(models.Model):
    @enum.unique
    class State(Enum):
        on = 'on'
        off = 'off'
    state = EnumField(enum=State)
```

**2. Actual Migration Output**
For the first example, `makemigrations` produces:
```python
migrations.CreateModel(
    name='A',
    fields=[
        ('id', models.AutoField(auto_created=True, primary_key=True, serialize=False, verbose_name='ID')),
        ('field', test1.models.Inner(max_length=20)),
    ],
),
```
For the `Enum` case, it serializes the `State` type using `TypeSerializer` (which uses `__name__`), resulting in:
```python
migrations.CreateModel(
    name='Thing',
    fields=[
        ('id', models.AutoField(auto_created=True, primary_key=True, serialize=False, verbose_name='ID')),
        ('state', enumfields.fields.EnumField(enum=test1.models.State, max_length=10)),
    ],
),
```

**3. Expected Migration Output**
I expect the generated paths to use `__qualname__` to properly resolve nested/inner classes.
* For the first case, it should be `test1.models.Outer.Inner`.
* For the second case, it should be `test1.models.Thing.State`.",5,5,5,5
14b,sympy__sympy-17318,"To help you resolve the issue with the `sqrtdenest` function, I need to gather some specific details. Could you please provide the following information:

1. **Location of the `sqrtdenest` function**: What file and line number is the `sqrtdenest` function defined in?
2. **Example expressions that cause the `IndexError`**: Can you provide some example expressions that trigger the `IndexError` when passed to the `sqrtdenest` function?
3. **Current behavior of the function**: What does the `sqrtdenest` function return when it encounters an expression that cannot be simplified further?
4. **Desired behavior**: What should the `sqrtdenest` function return when it encounters an expression that cannot be simplified further, according to the proposed solution?

Once I have this information, I can proceed to explore the repository and make the necessary changes.<|im_end|>","1. The `sqrtdenest` function is defined in the file `sympy/simplify/sqrtdenest.py` and its implementation starts at line 132.

2. An example expression that triggers the `IndexError` is `(3 - sqrt(2)*sqrt(4 + 3*I) + 3*I)/2`.

3. When the `sqrtdenest` function encounters an expression that cannot be simplified further, it currently raises an `IndexError`.

4. The desired behavior is that if the `sqrtdenest` function encounters an expression that cannot be simplified further, it should return the expression unchanged, without raising any errors.","To help you resolve the issue with the `sqrtdenest` function, I need to gather some specific details. Could you please provide the following information:

1. **Location of the `sqrtdenest` function**: What file and line number is the `sqrtdenest` function defined in?
2. **Example expressions that cause the `IndexError`**: Can you provide some example expressions that trigger the `IndexError` when passed to the `sqrtdenest` function?
3. **Current behavior of the function**: What does the `sqrtdenest` function return when it encounters an expression that cannot be simplified further?
4. **Desired behavior**: What should the `sqrtdenest` function return when it encounters an expression that cannot be simplified further, according to the proposed solution?

Once I have this information, I can proceed to explore the repository and make the necessary changes.<|im_end|>","Here is the information you requested:

1. **Location**: `sqrtdenest` is defined in `sympy/simplify/sqrtdenest.py` (around line 132 in the traceback).
2. **Example expressions that cause the IndexError**:
   * `sqrtdenest(3 - sqrt(2)*sqrt(4 + I) + 3*I)` raises the `IndexError` on the current master.
   * `rad_rationalize(1, 4+I)` also raises the same `IndexError` in `sympy/simplify/radsimp.py`.
3. **Current behavior**: Instead of returning the expression unchanged, it crashes with `IndexError: tuple index out of range` from `_split_gcd` in `sympy/simplify/radsimp.py` because `surds` ends up being empty.
4. **Desired behavior**: If the expression cannot be denested, it should be returned unchanged without throwing an error (e.g. `sqrtdenest(3 - sqrt(2)*sqrt(4 + I) + 3*I)` should return `3 - sqrt(2)*sqrt(4 + I) + 3*I`).",5,5,5,5
14b,astropy__astropy-14309,"To help you resolve the issue, I need to gather some specific details. Could you please provide the following information:

1. **File Path**: Which specific file in the `astropy__astropy__5.1` directory contains the `identify_format` function?
2. **Line Number**: What is the line number where the `IndexError` occurs?
3. **Input Data**: What is the input data (file path) that causes the `IndexError`?
4. **Expected Behavior**: What should the function return when the input file path does not have a specific extension?

Once I have this information, I can proceed to explore the repository and make the necessary changes.<|im_end|>","1. The `identify_format` function is located in the `astropy/io/registry/base.py` file.
2. The `IndexError` occurs at line 313 in `base.py`.
3. The input data that causes the `IndexError` is `""bububu.ecsv""`.
4. The function should ideally return an empty list or a specific indication that the file format is not recognized when the input file path does not have a specific FITS extension.

Let me know if you need any further details!","To help you resolve the issue, I need to gather some specific details. Could you please provide the following information:

1. **File Path**: Which specific file in the `astropy__astropy__5.1` directory contains the `identify_format` function?
2. **Line Number**: What is the line number where the `IndexError` occurs?
3. **Input Data**: What is the input data (file path) that causes the `IndexError`?
4. **Expected Behavior**: What should the function return when the input file path does not have a specific extension?

Once I have this information, I can proceed to explore the repository and make the necessary changes.<|im_end|>","Hi! Here are the details from my issue report:

1. **File Path**: While `identify_format` is defined in `astropy/io/registry/base.py`, the error itself actually happens inside the FITS identifier function `is_fits` in `astropy/io/fits/connect.py`.
2. **Line Number**: The `IndexError` occurs at line 72 in `astropy/io/fits/connect.py`:
   ```python
   return isinstance(args[0], (HDUList, TableHDU, BinTableHDU, GroupsHDU))
   ```
3. **Input Data**: Any file path without a FITS extension when calling with empty `args` causes it. In my reproducer, I used `""bububu.ecsv""` with empty list `[]` for `args`.
4. **Expected Behavior**: When the file path does not have a FITS extension and no arguments are passed in `args` (i.e. `args` is empty), `is_fits` should simply return `False` instead of raising an `IndexError`.",4,5,5,4
14b,django__django-15572,"To help you resolve the issue, I need to gather some specific details about your Django project. Please provide the following information:

1. **Django Version**: What version of Django are you currently using in your project?
2. **Template Directories Configuration**: Could you provide the current configuration for the template directories in your Django settings file (usually `settings.py`)?
3. **Autoreload Configuration**: Are there any specific configurations related to autoreload in your Django settings or any custom management commands that might affect autoreload?
4. **Reproduction Steps**: Can you provide the steps to reproduce the issue with the autoreload malfunctioning?

Once I have this information, I can proceed to explore the repository and make the necessary changes.<|im_end|>","1. **Django Version**: I'm using Django 3.2.4.

2. **Template Directories Configuration**: My current configuration for the template directories in `settings.py` is:
   ```python
   ""DIRS"": os.getenv(""TEMPLATES_DIRS"", """").split("","")
   ```

3. **Autoreload Configuration**: I don't have any specific configurations related to autoreload in my settings or custom management commands that would affect it.

4. **Reproduction Steps**: 
   - Set the environment variable `TEMPLATES_DIRS` to an empty string or a string with a leading/trailing comma.
   - Start the server with `runserver`.
   - Change any app code while the server is running and notice that autoreload does not kick in.

Let me know if you need any more details!","To help you resolve the issue, I need to gather some specific details about your Django project. Please provide the following information:

1. **Django Version**: What version of Django are you currently using in your project?
2. **Template Directories Configuration**: Could you provide the current configuration for the template directories in your Django settings file (usually `settings.py`)?
3. **Autoreload Configuration**: Are there any specific configurations related to autoreload in your Django settings or any custom management commands that might affect autoreload?
4. **Reproduction Steps**: Can you provide the steps to reproduce the issue with the autoreload malfunctioning?

Once I have this information, I can proceed to explore the repository and make the necessary changes.<|im_end|>","Hi, here are the details:

1. **Django Version**: I'm seeing this on Django 3.2.4 and newer (any version after 3.2.3, including 3.2.x and main).
2. **Template Directories Configuration**: My `TEMPLATES` configuration in `settings.py` contains an empty string in `DIRS`, like this:
   ```python
   TEMPLATES = [
       {
           ...
           ""DIRS"": [""""],  # or caused by os.getenv(""TEMPLATES_DIRS"", """").split("","")
           ...
       }
   ]
   ```
3. **Autoreload Configuration**: No custom autoreload configuration. I'm just running the default development server (`manage.py runserver`).
4. **Reproduction Steps**:
   - Set `""DIRS"": [""""]` (or any list containing `""""` or a `Path("""")`) in `TEMPLATES` settings.
   - Start the server using `python manage.py runserver`.
   - Modify any of your python files (app code). The server will not reload because `django/template/autoreload.py::template_changed` constantly returns `True`, thinking a template changed instead of triggering a full code reload.",5,5,5,5
14b,sphinx-doc__sphinx-9320,"To help you resolve the issue with the `sphinx-quickstart` tool, I need to gather some specific details. Could you please provide the following information:

1. **Environment Details**: What is the operating system and Python version you are using?
2. **Sphinx Version**: What version of Sphinx are you using? You can check this by running `sphinx-build --version` in your terminal.
3. **Error Message**: Could you provide the exact error message you are seeing when you try to exit the `sphinx-quickstart` process by pressing 'Enter'?
4. **Steps to Reproduce**: Could you provide the exact steps you take to reproduce the issue? For example, what command do you run to start the `sphinx-quickstart` tool, and what happens when you press 'Enter' at the prompt?

Once I have this information, I can proceed to explore the repository and make the necessary changes.<|im_end|>","1. I'm using Ubuntu 20.04 as the operating system and Python 3.8.5.
2. My Sphinx version is 3.2.1.
3. The exact error message I see when I press 'Enter' is: ""Please enter a valid path name"".
4. The steps to reproduce the issue are simply running `sphinx-quickstart` in a folder that already contains a `conf.py`. After that, when it prompts for a new root path name, I press 'Enter', and then I get the error message mentioned.","To help you resolve the issue with the `sphinx-quickstart` tool, I need to gather some specific details. Could you please provide the following information:

1. **Environment Details**: What is the operating system and Python version you are using?
2. **Sphinx Version**: What version of Sphinx are you using? You can check this by running `sphinx-build --version` in your terminal.
3. **Error Message**: Could you provide the exact error message you are seeing when you try to exit the `sphinx-quickstart` process by pressing 'Enter'?
4. **Steps to Reproduce**: Could you provide the exact steps you take to reproduce the issue? For example, what command do you run to start the `sphinx-quickstart` tool, and what happens when you press 'Enter' at the prompt?

Once I have this information, I can proceed to explore the repository and make the necessary changes.<|im_end|>","Here is the information you requested:

1. **Environment Details**: 
   - OS: Ubuntu 20.04
   - Python version: Python 3.8.5

2. **Sphinx Version**: 
   - sphinx-build 3.2.1

3. **Error Message**: 
   - After pressing Enter, it prints: `Please enter a valid path name` instead of exiting.

4. **Steps to Reproduce**:
   - Run `sphinx-quickstart` (creates `conf.py` in the directory).
   - Run `sphinx-quickstart` again in that same directory.
   - When it detects `conf.py` and asks: *""Please enter a new root path name (or just Enter to exit)""*, press 'Enter'.",4,5,5,5
14b,django__django-12325,"To help you resolve the issue with the Django model configuration, I need to gather some specific details. Could you please provide the following information:

1. **Model Name**: What is the name of the Django model that contains the OneToOneField references?
2. **Field Names**: What are the names of the OneToOneField fields in the model?
3. **Parent Model**: Which model is the parent in the OneToOne relationship?
4. **Current Order**: What is the current order of the OneToOneField declarations in the model?
5. **Error Message**: What is the exact error message you are receiving when the ImproperlyConfigured error occurs?

Once I have this information, I can proceed to explore the repository and make the necessary changes.<|im_end|>","1. **Model Name**: The model is named `Picking`.
2. **Field Names**: The OneToOneField fields are `document_ptr` and `origin`.
3. **Parent Model**: The parent model in the OneToOne relationship is `Document`.
4. **Current Order**: The current order is `document_ptr` followed by `origin`.
5. **Error Message**: The exact error message is: ""Add parent_link=True to appname.Picking.origin."" 

I hope this helps!","To help you resolve the issue with the Django model configuration, I need to gather some specific details. Could you please provide the following information:

1. **Model Name**: What is the name of the Django model that contains the OneToOneField references?
2. **Field Names**: What are the names of the OneToOneField fields in the model?
3. **Parent Model**: Which model is the parent in the OneToOne relationship?
4. **Current Order**: What is the current order of the OneToOneField declarations in the model?
5. **Error Message**: What is the exact error message you are receiving when the ImproperlyConfigured error occurs?

Once I have this information, I can proceed to explore the repository and make the necessary changes.<|im_end|>","Hi, here are the details from my report:

1. **Model Name**: `Picking` (which inherits from `Document`).
2. **Field Names**: `document_ptr` (with `parent_link=True`) and `origin` (or `some_unrelated_document` in the simpler reproducing case).
3. **Parent Model**: `Document`.
4. **Current Order**: 
   - **Broken Order**: 
     ```python
     class Picking(Document):
         document_ptr = models.OneToOneField(Document, on_delete=models.CASCADE, parent_link=True, related_name='+')
         origin = models.OneToOneField(Document, related_name='picking', on_delete=models.PROTECT)
     ```
   - **Working Order**:
     ```python
     class Picking(Document):
         origin = models.OneToOneField(Document, related_name='picking', on_delete=models.PROTECT)
         document_ptr = models.OneToOneField(Document, on_delete=models.CASCADE, parent_link=True, related_name='+')
     ```
5. **Error Message**: `django.core.exceptions.ImproperlyConfigured: Add parent_link=True to appname.Picking.origin.` (or `Add parent_link=True to appname.Picking.some_unrelated_document` in the simpler case).",5,5,5,5
14b,scikit-learn__scikit-learn-15100,"To help you resolve the issue with the `strip_accents_unicode` function in the `CountVectorizer` tool, I need to gather some specific details. Could you please provide the following information:

1. **Example Strings**: Provide examples of strings that are failing to have their accents removed correctly. This will help me understand the specific Unicode composition that is causing the issue.
2. **Expected Output**: What is the expected output after the accents are removed from the example strings?
3. **Current Behavior**: Describe the current behavior of the `strip_accents_unicode` function when processing the example strings. What is the output you are getting?
4. **Normalization Form**: Are the example strings in a specific Unicode normalization form (e.g., NFC, NFD, NFKC, NFKD)? Understanding the normalization form will help in identifying the root cause of the issue.

Once I have this information, I can proceed to explore the repository and make the necessary changes.<|im_end|>","1. **Example Strings**: 
   - `s1 = chr(241)`  # Contains ""LATIN SMALL LETTER N WITH TILDE""
   - `s2 = chr(110) + chr(771)`  # Contains ""LATIN SMALL LETTER N"" followed by ""COMBINING TILDE""

2. **Expected Output**: 
   - Both `s1` and `s2` should output the string `""n""` after the accents are removed.

3. **Current Behavior**: 
   - For `s1`, the output is `strip_accents_unicode(s1) # => n` as expected.
   - For `s2`, the output is `strip_accents_unicode(s2) == s2 # => True`, meaning it does not change `s2`.

4. **Normalization Form**: 
   - `s1` is in NFKD form (single code point for the letter with tilde).
   - `s2` is also in NFKD form (two code points: one for the letter and one for the tilde).

This context shows that `strip_accents_unicode` does not handle strings already in NFKD form correctly.","To help you resolve the issue with the `strip_accents_unicode` function in the `CountVectorizer` tool, I need to gather some specific details. Could you please provide the following information:

1. **Example Strings**: Provide examples of strings that are failing to have their accents removed correctly. This will help me understand the specific Unicode composition that is causing the issue.
2. **Expected Output**: What is the expected output after the accents are removed from the example strings?
3. **Current Behavior**: Describe the current behavior of the `strip_accents_unicode` function when processing the example strings. What is the output you are getting?
4. **Normalization Form**: Are the example strings in a specific Unicode normalization form (e.g., NFC, NFD, NFKC, NFKD)? Understanding the normalization form will help in identifying the root cause of the issue.

Once I have this information, I can proceed to explore the repository and make the necessary changes.<|im_end|>","Here is the information you requested:

1. **Example Strings**: 
   * `s1 = chr(241)` (which represents ""LATIN SMALL LETTER N WITH TILDE"": `ñ`)
   * `s2 = chr(110) + chr(771)` (which is ""LATIN SMALL LETTER N"" followed by the ""COMBINING TILDE"": `ñ`)

2. **Expected Output**: 
   Both strings should be stripped of their accents and return `""n""`.

3. **Current Behavior**: 
   `strip_accents_unicode(s1)` correctly returns `""n""`. However, `strip_accents_unicode(s2)` returns `s2` completely unchanged (`""ñ""`).

4. **Normalization Form**: 
   `s2` is already in NFKD form. The current implementation of `strip_accents_unicode` has a fast-path check that does nothing and returns the original string if it is already in NFKD form, which prevents the combining characters from actually being stripped.",5,5,5,5
14b,sphinx-doc__sphinx-7910,"To help you resolve the issue with the decorated `__init__` method not appearing in the documentation, I need to gather some specific details. Could you please provide the following information:

1. **Which file or module contains the decorated `__init__` method?**
2. **What is the name of the decorator used on the `__init__` method?**
3. **Are there any specific settings or configurations in the Sphinx documentation that you believe should be adjusted to include the decorated `__init__` method?**
4. **Do you have any specific examples or snippets of the code that demonstrate the issue?**

Once I have this information, I can proceed to explore the repository and make the necessary changes.<|im_end|>","1. The decorated `__init__` method is located in the `DistributedTrainerReplicated` class, which is part of the tensorpack library.

2. The decorator used on the `__init__` method is `functools.wraps`.

3. I have set `napoleon_include_init_with_doc = True` in my Sphinx configuration, which should include the `__init__` method in the documentation.

4. Unfortunately, I don't have specific code snippets at the moment, but the issue arises when the `__init__` method is decorated, leading to it not being recognized correctly by Sphinx due to changes in its `__globals__`.

I hope this helps clarify the issue!","To help you resolve the issue with the decorated `__init__` method not appearing in the documentation, I need to gather some specific details. Could you please provide the following information:

1. **Which file or module contains the decorated `__init__` method?**
2. **What is the name of the decorator used on the `__init__` method?**
3. **Are there any specific settings or configurations in the Sphinx documentation that you believe should be adjusted to include the decorated `__init__` method?**
4. **Do you have any specific examples or snippets of the code that demonstrate the issue?**

Once I have this information, I can proceed to explore the repository and make the necessary changes.<|im_end|>","1. The file is in the `tensorpack` repository (specifically, class `DistributedTrainerReplicated` in its training modules), but the bug itself is in Sphinx's `sphinx/ext/napoleon/__init__.py`.
2. I decorated it with a custom decorator that uses `functools.wraps`.
3. Yes, I have `napoleon_include_init_with_doc = True` set in `conf.py`.
4. The issue happens with any decorated `__init__` method. For example:

```python
from functools import wraps

def my_decorator(func):
    @wraps(func)
    def wrapper(*args, **kwargs):
        return func(*args, **kwargs)
    return wrapper

class DistributedTrainerReplicated:
    @my_decorator
    def __init__(self):
        """"""Docstring here.""""""
        pass
```

The root cause is in Sphinx's `sphinx/ext/napoleon/__init__.py` where it tries to resolve the class via `cls = obj.__globals__[cls_path]`. Since `obj` is the wrapper function from the decorator, its `__globals__` references the module where the decorator is defined, not the module/class where the decorated method belongs.",4,5,5,4
14b,sphinx-doc__sphinx-7454,"To help you resolve the issue with the `autodoc_typehints` setting in Sphinx, I need to gather some specific details. Could you please provide the following information:

1. Which file or files in the repository are responsible for handling the `autodoc_typehints` setting?
2. What is the current implementation of the `autodoc_typehints` setting in these files?
3. Are there any specific configurations or settings in the Sphinx configuration file (e.g., `conf.py`) that might be affecting the behavior of `autodoc_typehints`?
4. Are there any other relevant files or configurations that might be related to the issue?

Once I have this information, I can proceed to explore the repository and make the necessary changes.<|im_end|>",I don't have that information.,"To help you resolve the issue with the `autodoc_typehints` setting in Sphinx, I need to gather some specific details. Could you please provide the following information:

1. Which file or files in the repository are responsible for handling the `autodoc_typehints` setting?
2. What is the current implementation of the `autodoc_typehints` setting in these files?
3. Are there any specific configurations or settings in the Sphinx configuration file (e.g., `conf.py`) that might be affecting the behavior of `autodoc_typehints`?
4. Are there any other relevant files or configurations that might be related to the issue?

Once I have this information, I can proceed to explore the repository and make the necessary changes.<|im_end|>","I don't have all the internal codebase details, but I can share my Sphinx configuration and environment info from the bug report:

1. **Responsible files:** I'm not sure of the exact files, but the issue might be related to how types/links are resolved, perhaps in `sphinx/domains/python.py`.
2. **Current implementation:** I don't have that information as I am just reporting the behavior.
3. **Configuration settings:** Yes, in my `docs/conf.py`, I use:
   ```python
   extensions = [""sphinx.ext.autodoc"", ""sphinx.ext.intersphinx""]
   intersphinx_mapping = {""python"": (""https://docs.python.org/3"", None)}
   ```
   The bug happens when `autodoc_typehints` is set to `'signature'` (the default). If I set `autodoc_typehints = 'description'`, the `None` link works correctly in the description but obviously moves it out of the signature.
4. **Other configs:** None besides the basic reproducer setup I provided in the issue description.",1,4,4,1
14b,django__django-11099,"To help you resolve the issue with the username validation logic, I need to gather some specific details. Could you please provide the following information:

1. **Location of the Username Validation Code**: Which file and line number contains the current username validation logic using the regular expression?
2. **Current Regular Expression**: What is the current regular expression pattern used for username validation?
3. **Test Cases**: Can you provide some example usernames that should be valid and some that should be invalid according to the current logic?
4. **Desired Behavior**: What is the desired behavior for the username validation? Specifically, how should the regular expression be modified to prevent usernames from ending with a newline character?

Once I have this information, I can proceed to explore the repository and make the necessary changes.<|im_end|>","1. The username validation code is located in `django/contrib/auth/validators.py`. I don't have the specific line number.

2. The current regular expression pattern used for username validation is `r'^[\w.@+-]+$'`.

3. Valid usernames could include: `user.name`, `user+name`, `username123`, and `user_name`. Invalid usernames could include: `username\n`, `user.name\n`, and `user+name\n`.

4. The desired behavior is to prevent usernames from ending with a newline character. The regular expression should be modified to `r'\A[\w.@+-]+\Z'` to achieve this.","To help you resolve the issue with the username validation logic, I need to gather some specific details. Could you please provide the following information:

1. **Location of the Username Validation Code**: Which file and line number contains the current username validation logic using the regular expression?
2. **Current Regular Expression**: What is the current regular expression pattern used for username validation?
3. **Test Cases**: Can you provide some example usernames that should be valid and some that should be invalid according to the current logic?
4. **Desired Behavior**: What is the desired behavior for the username validation? Specifically, how should the regular expression be modified to prevent usernames from ending with a newline character?

Once I have this information, I can proceed to explore the repository and make the necessary changes.<|im_end|>","Hi! Here is the information regarding the issue:

1. **Location**: The validators are located in `django/contrib/auth/validators.py`. Specifically, look for the `ASCIIUsernameValidator` and `UnicodeUsernameValidator` classes.
2. **Current Regex**: They both currently use the pattern `r'^[\w.@+-]+$'`.
3. **Test Cases**: 
   - `""validuser""` should be valid.
   - `""validuser\n""` (with a trailing newline) is currently incorrectly accepted, but it should be invalid.
4. **Desired Behavior**: The regex should be updated to use `\A` and `\Z` instead of `^` and `$`. For example: `r'\A[\w.@+-]+\Z'`. This will ensure usernames ending with a newline are rejected.",4,5,5,4
14b,pylint-dev__pylint-6903,"To help you resolve the issue with pylint crashing when using the `--jobs=0` option in a Kubernetes environment, I need to gather some specific details. Could you please provide the following information:

1. **Function Name**: What is the name of the function that calculates the number of CPUs available and returns zero in certain conditions?
2. **File Location**: In which file is this function located within the `pylint-dev__pylint__2.15` repository?
3. **Error Message**: What is the exact error message or traceback that you see when pylint crashes with the `--jobs=0` option in the Kubernetes environment?
4. **Environment Details**: Are there any specific environment variables or configurations that might affect the CPU count calculation in the Kubernetes environment?

Once I have this information, I can proceed to explore the repository and make the necessary changes to resolve the issue.<|im_end|>","1. The function name is `_query_cpu()`.
2. This function is located in the file `pylint/lint/run.py`.
3. The exact error message is: ""ValueError: Number of processes must be at least 1"".
4. The relevant configurations I noticed were `cpu.cfs_quota_us` returning -1, and `cpu.shares` returning 2, which leads to the calculation resulting in 0. I don't have specific environment variables to mention that would impact this calculation beyond what I've noted.","To help you resolve the issue with pylint crashing when using the `--jobs=0` option in a Kubernetes environment, I need to gather some specific details. Could you please provide the following information:

1. **Function Name**: What is the name of the function that calculates the number of CPUs available and returns zero in certain conditions?
2. **File Location**: In which file is this function located within the `pylint-dev__pylint__2.15` repository?
3. **Error Message**: What is the exact error message or traceback that you see when pylint crashes with the `--jobs=0` option in the Kubernetes environment?
4. **Environment Details**: Are there any specific environment variables or configurations that might affect the CPU count calculation in the Kubernetes environment?

Once I have this information, I can proceed to explore the repository and make the necessary changes to resolve the issue.<|im_end|>","1. **Function Name**: The function is `_query_cpu()`.
2. **File Location**: It's located in `pylint/lint/run.py`.
3. **Error Message**: The exact crash traceback ends with:
   `ValueError: Number of processes must be at least 1`
4. **Environment Details**: Inside the Kubernetes Pod, the following cgroup files have these values:
   * `/sys/fs/cgroup/cpu/cpu.cfs_quota_us` is `-1`
   * `/sys/fs/cgroup/cpu/cpu.cfs_period_us` is `100000`
   * `/sys/fs/cgroup/cpu/cpu.shares` is `2`
   
   This causes `cpu.shares` / 1024 (2 / 1024) to be cast to `int`, resulting in `0`.",5,5,5,5
14b,sphinx-doc__sphinx-9281,"To help you resolve the issue with the rendering of Python Enum values in function signatures, I need to gather some specific details. Could you please provide the following information:

1. **Which file or files in the repository are responsible for rendering the function signatures?**
2. **What is the current code snippet that is causing the cluttered output?**
3. **What is the expected clean representation of the Enum in the function signatures?**
4. **Are there any specific Enum types or values that are particularly problematic?**
5. **Are there any other relevant configurations or settings in the Sphinx documentation that might be affecting the rendering?**

Once I have this information, I can proceed to explore the repository and make the necessary changes.<|im_end|>",I don't have that information.,"To help you resolve the issue with the rendering of Python Enum values in function signatures, I need to gather some specific details. Could you please provide the following information:

1. **Which file or files in the repository are responsible for rendering the function signatures?**
2. **What is the current code snippet that is causing the cluttered output?**
3. **What is the expected clean representation of the Enum in the function signatures?**
4. **Are there any specific Enum types or values that are particularly problematic?**
5. **Are there any other relevant configurations or settings in the Sphinx documentation that might be affecting the rendering?**

Once I have this information, I can proceed to explore the repository and make the necessary changes.<|im_end|>","Hi there! Thanks for looking into this. Here is the information I have:

1. **Responsible files:** The system says the relevant file is `sphinx/util/inspect.py`.
2. **Current code snippet:** The issue happens with a standard enum and function signature like this:
   ```python
   class MyEnum(enum.Enum):
       ValueA = 10
       ValueB = 20

   def ugly_enum_func(e: ugly_enum.MyEnum = MyEnum.ValueA) -> None:
       pass
   ```
3. **Expected clean representation:** I expect it to render as `ugly_enum_func(e: ugly_enum.MyEnum = MyEnum.ValueA) -> None` instead of showing `<MyEnum.ValueA: 10>`.
4. **Problematic Enums:** This happens with any standard `enum.Enum` subclass in Python because their `__repr__` method returns the brackets and value, e.g., `<MyEnum.ValueA: 10>`.
5. **Other configurations:** I am just using the standard `autodoc` extension on Sphinx 4.0.2 with Python 3.9.5. No special configurations.",1,5,5,1
14b,sympy__sympy-24213,"To help you resolve the issue, I need to gather some specific details. Could you please provide the following information:

1. **Function Name**: What is the name of the function that is failing to recognize equivalent dimensions when performing addition operations on quantities with different dimensions?
2. **Error Message**: What is the exact error message that you are encountering when the function fails?
3. **Example Code**: Could you provide a small example of the code that triggers this error? This will help me understand the context in which the error occurs.
4. **Expected Behavior**: What is the expected behavior when adding quantities with different dimensions? Should the function automatically convert dimensions or should it raise an error?

Once I have this information, I can proceed to explore the repository and make the necessary changes.<|im_end|>","1. **Function Name**: The function that is failing is `_collect_factor_and_dimension`.

2. **Error Message**: The exact error message I am encountering is: `ValueError: Dimension of ""v1"" is Dimension(velocity), but it should be Dimension(acceleration*time)`.

3. **Example Code**: Here is the code that triggers the error:
```python
from sympy.physics import units
from sympy.physics.units.systems.si import SI

v1 = units.Quantity('v1')
SI.set_quantity_dimension(v1, units.velocity)
SI.set_quantity_scale_factor(v1, 2 * units.meter / units.second)

a1 = units.Quantity('a1')
SI.set_quantity_dimension(a1, units.acceleration)
SI.set_quantity_scale_factor(a1, -9.8 * units.meter / units.second**2)

t1 = units.Quantity('t1')
SI.set_quantity_dimension(t1, units.time)
SI.set_quantity_scale_factor(t1, 5 * units.second)

expr1 = a1*t1 + v1
SI._collect_factor_and_dimension(expr1)
```

4. **Expected Behavior**: The expected behavior when adding quantities with different dimensions is that it should recognize equivalent dimensions and not raise an error.","To help you resolve the issue, I need to gather some specific details. Could you please provide the following information:

1. **Function Name**: What is the name of the function that is failing to recognize equivalent dimensions when performing addition operations on quantities with different dimensions?
2. **Error Message**: What is the exact error message that you are encountering when the function fails?
3. **Example Code**: Could you provide a small example of the code that triggers this error? This will help me understand the context in which the error occurs.
4. **Expected Behavior**: What is the expected behavior when adding quantities with different dimensions? Should the function automatically convert dimensions or should it raise an error?

Once I have this information, I can proceed to explore the repository and make the necessary changes.<|im_end|>","Hi, here is the information you requested:

1. **Function Name**: `_collect_factor_and_dimension` (inside `sympy/physics/units/unitsystem.py`).

2. **Error Message**:
```
ValueError: Dimension of ""v1"" is Dimension(velocity), but it should be Dimension(acceleration*time)
```

3. **Example Code**:
```python
from sympy.physics import units
from sympy.physics.units.systems.si import SI

v1 = units.Quantity('v1')
SI.set_quantity_dimension(v1, units.velocity)
SI.set_quantity_scale_factor(v1, 2 * units.meter / units.second)

a1 = units.Quantity('a1')
SI.set_quantity_dimension(a1, units.acceleration)
SI.set_quantity_scale_factor(a1, -9.8 * units.meter / units.second**2)

t1 = units.Quantity('t1')
SI.set_quantity_dimension(t1, units.time)
SI.set_quantity_scale_factor(t1, 5 * units.second)

expr1 = a1*t1 + v1
SI._collect_factor_and_dimension(expr1)
```

4. **Expected Behavior**:
Since `Dimension(velocity)` and `Dimension(acceleration * time)` are physically equivalent, the function should recognize them as equivalent and successfully collect them (returning the combined factor and dimension) rather than raising a `ValueError`.",5,5,5,5
14b,sympy__sympy-23262,"To help you resolve the issue with the Python code printer in SymPy 1.10, I need to gather some specific details. Could you please provide the following information:

1. **Location of the Code Printer**: Which file or module in the repository contains the code printer responsible for formatting tuples?
2. **Relevant Function or Method**: What is the name of the function or method that handles the formatting of tuples?
3. **Current Behavior**: Can you describe the current behavior of the function when it formats a tuple with a single element?
4. **Desired Behavior**: What should the function do to correctly format a tuple with a single element, ensuring it remains a tuple and does not change to an integer?
5. **Example Code**: Could you provide an example of the code that demonstrates the issue? This will help me understand the context in which the error occurs.

Once I have this information, I can proceed to explore the repository and make the necessary changes.<|im_end|>",I don't have that information.,"To help you resolve the issue with the Python code printer in SymPy 1.10, I need to gather some specific details. Could you please provide the following information:

1. **Location of the Code Printer**: Which file or module in the repository contains the code printer responsible for formatting tuples?
2. **Relevant Function or Method**: What is the name of the function or method that handles the formatting of tuples?
3. **Current Behavior**: Can you describe the current behavior of the function when it formats a tuple with a single element?
4. **Desired Behavior**: What should the function do to correctly format a tuple with a single element, ensuring it remains a tuple and does not change to an integer?
5. **Example Code**: Could you provide an example of the code that demonstrates the issue? This will help me understand the context in which the error occurs.

Once I have this information, I can proceed to explore the repository and make the necessary changes.<|im_end|>","Hi, I don't have all the technical implementation details since I'm just reporting the bug, but here is what I know:

1. **Location of the Code Printer**: I'm not sure of the exact file, but the bisect pointed to commit `6ccd2b07ded5074941bb80b5967d60fa1593007a` (from PR #21993). This likely affects the Python/Python-based code printers, perhaps in `sympy/printing/pycode.py` or `sympy/printing/preprocessor.py`.
2. **Relevant Function or Method**: I'm unsure of the exact function name, but it would be the printer method responsible for formatting Python `tuple` objects (possibly `_print_tuple` or similar).
3. **Current Behavior**: A single-element tuple like `tuple([1])` is printed as `(1)`, which Python evaluates as an integer rather than a tuple.
4. **Desired Behavior**: It should be printed as `(1,)` with a trailing comma to ensure it remains a tuple.
5. **Example Code**:
```python
import inspect
from sympy import lambdify

# This returns 'def _lambdifygenerated():\n    return (1)\n' in SymPy 1.10
inspect.getsource(lambdify([], tuple([1])))
```

I hope this helps!",1,4,4,1
14b,mwaskom__seaborn-3069,"To help you implement the necessary changes to the repository, I need to gather some specific details about the issue. Could you please provide the following information:

1. Which specific files in the repository need to be modified to address the issue with nominal scales in seaborn's categorical plots?
2. What are the exact behaviors that need to be applied to nominal scales, similar to categorical scales? For example, unique margin logic, grid visibility, and axis inversion.
3. Are there any specific test cases or scenarios that demonstrate the current behavior of categorical scales that need to be replicated for nominal scales?
4. Are there any dependencies or additional libraries that need to be installed or imported to implement these changes?
5. Are there any specific parts of the codebase that you believe are most relevant to this issue, or any particular functions or classes that need to be modified?

Once I have this information, I can proceed to explore the repository and make the necessary changes.<|im_end|>","1. The primary file that needs to be modified is `seaborn/_core/plot.py`.

2. The behaviors that need to be applied to nominal scales include:
   - The scale should be drawn to +/- 0.5 from the first and last tick, rather than using the normal margin logic.
   - A grid should not be shown, even when it otherwise would be with the active style.
   - If on the y-axis, the axis should be inverted.

3. I don't have that information.

4. I don't have that information.

5. I believe the best place to implement these changes would be in `Plotter._finalize_figure`, as that is where the final adjustments to the figure are typically made.","To help you implement the necessary changes to the repository, I need to gather some specific details about the issue. Could you please provide the following information:

1. Which specific files in the repository need to be modified to address the issue with nominal scales in seaborn's categorical plots?
2. What are the exact behaviors that need to be applied to nominal scales, similar to categorical scales? For example, unique margin logic, grid visibility, and axis inversion.
3. Are there any specific test cases or scenarios that demonstrate the current behavior of categorical scales that need to be replicated for nominal scales?
4. Are there any dependencies or additional libraries that need to be installed or imported to implement these changes?
5. Are there any specific parts of the codebase that you believe are most relevant to this issue, or any particular functions or classes that need to be modified?

Once I have this information, I can proceed to explore the repository and make the necessary changes.<|im_end|>","Here is what I can tell you about this issue:

1. **Files to modify**: The main file is `seaborn/_core/plot.py`. You might also need to look at scale-related modules (like `seaborn/_core/scales.py`) depending on how the `Nominal` scale is defined and identified.
2. **Exact behaviors to apply for `Nominal` scales**:
   * **Scale limits**: The axis limits should be set to exactly +/- 0.5 from the first and last tick (rather than using default margin logic).
   * **Grid visibility**: The grid should be disabled for the nominal axis, even if the current theme/style has grids enabled.
   * **Axis inversion**: If the nominal scale is on the y-axis, the axis needs to be inverted (so the first category is at the top).
3. **Test cases**: I don't have specific pre-written test cases, but you can reproduce this by creating a simple `so.Plot` with a nominal/categorical variable on the x or y axis (for example, using `so.Nominal()` scale explicitly or letting it be inferred) and checking if the margins, grid, and y-axis orientation match the classic seaborn categorical plots (like `catplot` or `barplot`).
4. **Dependencies**: No additional dependencies or libraries are needed.
5. **Relevant code parts**: `Plotter._finalize_figure` in `seaborn/_core/plot.py` is a prime location to handle these final axis adjustments (such as removing the grid, inverting the y-axis, and setting the +/- 0.5 margins/limits).",4,4,4,4
14b,scikit-learn__scikit-learn-14141,"To help you implement the necessary changes, I need to gather some specific details about the issue. Could you please provide the following information:

1. **Dependency Name**: What is the specific dependency that needs to be included in the version display or issue template when a certain version threshold is exceeded?
2. **Version Threshold**: What is the version threshold for this dependency? For example, if the version is greater than 1.0, include the dependency in the version display or issue template.
3. **Location of Version Display or Issue Template**: Where is the version display or issue template located in the repository? Is it in a specific file or multiple files?
4. **Current Version Check Logic**: How is the current version check logic implemented in the repository? Is there a specific file or script that handles this logic?

Once I have this information, I can proceed to explore the repository and make the necessary changes.<|im_end|>","1. The dependency that needs to be included is `joblib`.
2. The version threshold is when `sklearn` version is greater than `0.20`.
3. The version display is located in `sklearn/utils/_show_versions.py`.
4. I don't have that information.","To help you implement the necessary changes, I need to gather some specific details about the issue. Could you please provide the following information:

1. **Dependency Name**: What is the specific dependency that needs to be included in the version display or issue template when a certain version threshold is exceeded?
2. **Version Threshold**: What is the version threshold for this dependency? For example, if the version is greater than 1.0, include the dependency in the version display or issue template.
3. **Location of Version Display or Issue Template**: Where is the version display or issue template located in the repository? Is it in a specific file or multiple files?
4. **Current Version Check Logic**: How is the current version check logic implemented in the repository? Is there a specific file or script that handles this logic?

Once I have this information, I can proceed to explore the repository and make the necessary changes.<|im_end|>","Here is the information based on the issue I reported:

1. **Dependency Name**: `joblib` should be added.
2. **Version Threshold**: This is for when the `scikit-learn` version is `> 0.20` (since `joblib` became an external dependency around then).
3. **Location of Version Display or Issue Template**: The `show_versions` helper is located in `sklearn/utils/_show_versions.py`.
4. **Current Version Check Logic**: I'm not entirely sure how the check is implemented under the hood, but `_show_versions.py` contains the list of dependencies that get printed when calling `show_versions()`.",4,5,5,4
14b,django__django-12209,"To help you resolve the issue, I need to gather some specific details. Could you please provide the following information:

1. **Primary Key Field Name**: What is the name of the primary key field in the model that is causing the issue?
2. **Default Value of Primary Key**: What is the default value set for this primary key field?
3. **Model Name**: What is the name of the Django model that includes this primary key field?
4. **Relevant Fixture File**: Which fixture file are you using to load data with explicit primary key values?
5. **Django Version**: What version of Django are you currently using in your project?

Once I have this information, I can proceed to explore the repository and make the necessary changes.<|im_end|>","1. The primary key field name is `id`.
2. The default value set for this primary key field is `uuid4`.
3. The name of the Django model is `Sample`.
4. I don't have that information.
5. I am currently using Django 3.0.","To help you resolve the issue, I need to gather some specific details. Could you please provide the following information:

1. **Primary Key Field Name**: What is the name of the primary key field in the model that is causing the issue?
2. **Default Value of Primary Key**: What is the default value set for this primary key field?
3. **Model Name**: What is the name of the Django model that includes this primary key field?
4. **Relevant Fixture File**: Which fixture file are you using to load data with explicit primary key values?
5. **Django Version**: What version of Django are you currently using in your project?

Once I have this information, I can proceed to explore the repository and make the necessary changes.<|im_end|>","Here are the details from my environment and the issue I encountered:

1. **Primary Key Field Name**: `id`
2. **Default Value of Primary Key**: `uuid4` (from the `uuid` module)
3. **Model Name**: `Sample`
4. **Relevant Fixture File**: I don't have a specific fixture file to share, but the issue occurs with any JSON/YAML fixture loaded via `loaddata` that contains explicit pk values for objects that already exist in the database.
5. **Django Version**: This started happening when upgrading to Django 3.0 (it worked as expected in Django 2.2 and earlier).",4,4,4,4
14b,sympy__sympy-19637,"To help you resolve the issue, I need to gather some specific details. Could you please provide the following information:

1. **Function Name**: What is the name of the function where the error is occurring?
2. **Variable Name**: What is the name of the variable that is being referenced before it has been assigned a value?
3. **Error Message**: What is the exact error message you are seeing?
4. **Code Snippet**: Could you provide a snippet of the code around where the error is occurring? This will help me understand the context better.

Once I have this information, I can proceed to explore the repository and make the necessary changes.<|im_end|>","1. The function name is `kernS`.
2. The variable being referenced before assignment is `kern`.
3. The exact error message is: ""UnboundLocalError: local variable 'kern' referenced before assignment"".
4. The code snippet is:
   ```python
   from sympy.core.sympify import kernS
   text = ""(2*x)/(x-1)""
   expr = kernS(text)
   ```

Please let me know if you need any more details.","To help you resolve the issue, I need to gather some specific details. Could you please provide the following information:

1. **Function Name**: What is the name of the function where the error is occurring?
2. **Variable Name**: What is the name of the variable that is being referenced before it has been assigned a value?
3. **Error Message**: What is the exact error message you are seeing?
4. **Code Snippet**: Could you provide a snippet of the code around where the error is occurring? This will help me understand the context better.

Once I have this information, I can proceed to explore the repository and make the necessary changes.<|im_end|>","Here is the information you requested:

1. **Function Name**: `kernS` inside `sympy/core/sympify.py`.
2. **Variable Name**: `kern`
3. **Error Message**: `UnboundLocalError: local variable 'kern' referenced before assignment`
4. **Code Snippet**: 
   Here is the code I ran to trigger the error:
   ```python
   from sympy.core.sympify import kernS

   text = ""(2*x)/(x-1)""
   expr = kernS(text)
   ```
   The traceback points to a line in `kernS` that looks like:
   ```python
   hit = kern in s
   ```",5,5,5,5
14b,django__django-13837,"To help you implement the necessary changes to the Django repository, I need to gather some specific details about the issue. Could you please provide the following information:

1. **Current Behavior**: What is the current behavior of the `runserver` autoreload functionality when you try to launch a Python module other than `django` using the `-m` flag?
2. **Expected Behavior**: What is the expected behavior of the `runserver` autoreload functionality when launching a Python module other than `django` using the `-m` flag?
3. **Error Messages**: Are there any specific error messages or logs that you see when you try to launch a Python module other than `django` using the `-m` flag?
4. **Environment Details**: What is your current Python environment? Are you using a virtual environment? If so, what is the output of `python -m venv --version` and `python -m django --version`?
5. **Reproduction Steps**: Could you provide the exact steps to reproduce the issue? For example, what command are you running to launch the Python module with the `-m` flag?

Once I have this information, I can proceed to explore the repository and make the necessary changes.<|im_end|>","1. **Current Behavior**: The `runserver` autoreload functionality does not trigger when I try to launch a Python module other than `django` using the `-m` flag. It only works when executed specifically with `python -m django`.

2. **Expected Behavior**: The expected behavior is that the autoreload functionality should work similarly for any Python module that I run with `-m`, including my custom modules, enabling real-time updates during development.

3. **Error Messages**: There aren't specific error messages, but I observe that the `runserver` doesn't reload automatically, which indicates that autoreload is not functioning as expected.

4. **Environment Details**: I am using a virtual environment. The output of `python -m venv --version` is `3.8.5` and `python -m django --version` outputs `3.2`.

5. **Reproduction Steps**: The exact command I run is `python -m pkg_other_than_django runserver`. This is meant to invoke the runserver command from my custom package.","To help you implement the necessary changes to the Django repository, I need to gather some specific details about the issue. Could you please provide the following information:

1. **Current Behavior**: What is the current behavior of the `runserver` autoreload functionality when you try to launch a Python module other than `django` using the `-m` flag?
2. **Expected Behavior**: What is the expected behavior of the `runserver` autoreload functionality when launching a Python module other than `django` using the `-m` flag?
3. **Error Messages**: Are there any specific error messages or logs that you see when you try to launch a Python module other than `django` using the `-m` flag?
4. **Environment Details**: What is your current Python environment? Are you using a virtual environment? If so, what is the output of `python -m venv --version` and `python -m django --version`?
5. **Reproduction Steps**: Could you provide the exact steps to reproduce the issue? For example, what command are you running to launch the Python module with the `-m` flag?

Once I have this information, I can proceed to explore the repository and make the necessary changes.<|im_end|>","Here is the information regarding the issue:

1. **Current Behavior**: Currently, `django.utils.autoreload.get_child_arguments` only detects when `-m` was passed specifically for `django`. If you run a custom package overriding Django's command-line utility (e.g., `python -m my_custom_pkg runserver`), the autoreloader fails to restart the process using the correct `-m my_custom_pkg` arguments.
2. **Expected Behavior**: The autoreloader should detect that Python was launched with `-m my_custom_pkg` and restart the child process with those exact arguments, enabling seamless autoreload for packages other than Django.
3. **Error Messages**: There aren't explicit crash errors, but the autoreloader fails to spawn the child process with the correct module arguments, resulting in it not reloading under the custom package name.
4. **Environment Details**: I don't have specific environment versions, but the issue highlights that in some Python environments, `__file__` is not set on modules, which makes the current detection logic fragile.
5. **Reproduction Steps**: Create a custom package (e.g., `my_custom_pkg`) with a `__main__.py` that overrides Django's management commands (specifically `runserver`). Then run:
   ```bash
   python -m my_custom_pkg runserver
   ```
   When you make a code change, you will see that autoreload does not correctly restart using `python -m my_custom_pkg`.",4,5,5,4
14b,django__django-16100,"To help you implement the necessary changes to the Django admin view, I need to gather some specific details. Could you please provide the following information:

1. **Which specific Django admin view is affected by the lack of transaction handling?**
2. **What are the specific data modification operations that could lead to inconsistent database states?**
3. **Are there any specific error scenarios or conditions under which the transaction handling is required?**

Once I have this information, I can proceed to explore the repository and make the necessary changes.<|im_end|>","1. The affected view is the `changelist_view` in the Django admin.

2. The specific data modification operations that could lead to inconsistent database states involve updates made through the `list_editable` feature.

3. Transaction handling is required particularly in scenarios where an error occurs during the data modification process, which could result in partial updates and leave the database in an unexpected state.","To help you implement the necessary changes to the Django admin view, I need to gather some specific details. Could you please provide the following information:

1. **Which specific Django admin view is affected by the lack of transaction handling?**
2. **What are the specific data modification operations that could lead to inconsistent database states?**
3. **Are there any specific error scenarios or conditions under which the transaction handling is required?**

Once I have this information, I can proceed to explore the repository and make the necessary changes.<|im_end|>","1. The view affected is `changelist_view` in the Django admin (specifically within `django/contrib/admin/options.py`), during the processing of `list_editable` formsets.
2. The data modification happens when a user edits multiple rows at once in the changelist via `list_editable` and submits the changes. 
3. If an exception or database error occurs mid-way through saving the items in the formset, some rows will have their changes committed while others won't. Wrapping this process in a transaction ensures that either all edits are saved successfully, or none are, preventing an inconsistent database state.",4,5,5,4
14b,pytest-dev__pytest-7490,"To help you resolve the issue, I need to gather some specific details. Could you please provide the following information:

1. **Which specific files or modules in the repository are responsible for handling the dynamic addition of xfail markers?**
2. **Are there any configuration files or environment settings that might affect how xfail markers are processed?**
3. **Can you describe the current behavior of the dynamic xfail marker addition in pytest 5.x and how it differs in pytest 6.0.0rc0?**
4. **Are there any specific test cases or scenarios where the dynamic xfail marker addition is particularly problematic?**

Once I have this information, I can proceed to explore the repository and make the necessary changes.<|im_end|>","1. The dynamic addition of xfail markers is primarily handled in the `_pytest/skipping.py` module.

2. I don't have that information.

3. In pytest 5.x, dynamically adding an xfail marker using `request.node.add_marker(mark)` treated the test as if it was statically marked with xfail, and the failure was ignored as expected. However, in pytest 6.0.0rc0, this raises an assertion error instead of ignoring the failure.

4. The issue is particularly problematic with the simple test case I provided, where the dynamic addition of the xfail marker is not functioning as intended, leading to a failure instead of being marked as xfailed.","To help you resolve the issue, I need to gather some specific details. Could you please provide the following information:

1. **Which specific files or modules in the repository are responsible for handling the dynamic addition of xfail markers?**
2. **Are there any configuration files or environment settings that might affect how xfail markers are processed?**
3. **Can you describe the current behavior of the dynamic xfail marker addition in pytest 5.x and how it differs in pytest 6.0.0rc0?**
4. **Are there any specific test cases or scenarios where the dynamic xfail marker addition is particularly problematic?**

Once I have this information, I can proceed to explore the repository and make the necessary changes.<|im_end|>","Hello! 

Here is the information I have regarding your questions:

1. **Responsible Files:** The issue appears to be related to `src/_pytest/skipping.py`. The hints suggest this is likely a regression introduced in commit `c9737ae914891027da5f0bd39494dd51a3b3f19f`.
2. **Configuration/Settings:** No special configurations or environment settings are needed. I am running standard pytest using `pytest -rsx test_foo.py`.
3. **Behavior Difference:** 
   * In **pytest 5.4.3**, adding the `xfail` marker dynamically using `request.node.add_marker(mark)` inside a test handles an assertion failure correctly as an expected failure (`XFAIL`).
   * In **pytest 6.0.0rc0**, the same test fails with an `AssertionError` (`F`) instead of being caught and marked as `XFAIL`.
4. **Problematic Scenario:** The problem specifically happens when we dynamically add the `xfail` marker *during* the execution of the test using the `request` fixture, as shown in this test case:
   ```python
   def test_xfail_test(request):
       mark = pytest.mark.xfail(reason=""xfail"")
       request.node.add_marker(mark)
       assert 0
   ```

Hope this helps! Let me know if you need anything else.",4,5,5,4
32b,scikit-learn__scikit-learn-14983,"Sure, let's start by gathering the necessary details to address the issue.

Could you please provide the following information:
1. The current implementation of the `__repr__` method for both `RepeatedKFold` and `RepeatedStratifiedKFold` classes.
2. The expected string representation you want for these classes.
3. Any specific parameters or attributes of these classes that should be included in the string representation.

This information will help me make the necessary changes accurately.","1. The current implementation of the `__repr__` method for both `RepeatedKFold` and `RepeatedStratifiedKFold` classes does not exist, which is why calling `repr()` on them gives a generic object representation.

2. The expected string representation for `RepeatedKFold` is:
   ```python
   RepeatedKFold(n_splits=5, n_repeats=10, random_state=None)
   ```
   And for `RepeatedStratifiedKFold` is:
   ```python
   RepeatedStratifiedKFold(n_splits=5, n_repeats=10, random_state=None)
   ```

3. Specific parameters that should be included in the string representation are `n_splits`, `n_repeats`, and `random_state`. These are important for understanding the configuration of the cross-validation strategy.","Sure, let's start by gathering the necessary details to address the issue.

Could you please provide the following information:
1. The current implementation of the `__repr__` method for both `RepeatedKFold` and `RepeatedStratifiedKFold` classes.
2. The expected string representation you want for these classes.
3. Any specific parameters or attributes of these classes that should be included in the string representation.

This information will help me make the necessary changes accurately.","1. Currently, there is no custom `__repr__` implementation, so they just show the default python object representation like `<sklearn.model_selection._split.RepeatedKFold object at 0x... >`.

2. The expected string representation is:
```python
RepeatedKFold(n_splits=5, n_repeats=10, random_state=None)
RepeatedStratifiedKFold(n_splits=5, n_repeats=10, random_state=None)
```

3. The string representation should include `n_splits`, `n_repeats`, and `random_state`. Note that `n_splits` is stored inside `self.cvargs` (as `self.cvargs['n_splits']`), so `_build_repr` might not find it directly unless handled.",5,5,5,5
32b,django__django-12193,"Sure, let's start by gathering the necessary details to address the issue. Here are my questions:

1. Could you please specify the exact file and function where the `SplitArrayField` and `BooleanField` are being used?
2. Can you provide a snippet of the code that demonstrates the incorrect behavior you are describing?
3. Are there any specific attributes or methods in the `CheckboxInput` widget that are being modified and causing the issue?
4. Do you have any specific examples of the data array that causes the problem?

Please provide the answers to these questions so I can proceed with the necessary changes.",I don't have that information.,"Sure, let's start by gathering the necessary details to address the issue. Here are my questions:

1. Could you please specify the exact file and function within the `django__django__3.1` repository where the `SplitArrayField` and `BooleanField` are being used, and where the issue is occurring?
2. Can you provide a minimal example of the data array that causes the issue, and the expected behavior versus the actual behavior?
3. Are there any specific attributes or configurations of the `CheckboxInput` widget that are relevant to this issue?
4. Are there any other parts of the codebase that might be interacting with the `SplitArrayField` or `BooleanField` in a way that could affect this issue?

Please provide the answers to these questions so I can proceed with the necessary changes.","Here is the information I have regarding your questions:

1. The issue occurs in `django/forms/widgets.py` inside the `CheckboxInput` widget's `get_context()` method. This is where the `attrs` dictionary is being modified in-place and setting `'checked': True`.
2. A minimal example of data that causes the issue is `[True, False, False]`. 
   * **Expected behavior**: Only the first checkbox is checked.
   * **Actual behavior**: Every checkbox after the first `True` value is checked (all three are checked), because the shared/reused `attrs` dict now has `'checked': True` permanently set.
3. Yes, in `CheckboxInput.get_context()`, the code directly modifies `attrs` instead of making a copy. This is the only widget that modifies the passed-in `attrs` dictionary.
4. I don't have that information regarding other parts of the codebase.",1,4,5,1
32b,sphinx-doc__sphinx-10449,"Sure, let's start by gathering the necessary details to address the issue. Could you please provide the following information:

1. What is the specific configuration setting in Sphinx that causes the unexpected behavior?
2. What is the exact unexpected behavior you are observing? (e.g., what does the generated HTML look like?)
3. Are there any specific classes or methods that are affected by this issue?","1. The specific configuration setting in Sphinx that causes the unexpected behavior is `autodoc_typehints = ""description""`.

2. The exact unexpected behavior I am observing is that the generated HTML includes a return type for the class when using `autoclass`. For example, it's showing a return type in the documentation for the `Square` class, which I did not expect.

3. The issue specifically affects the `Square` class that I provided in the example, although it may affect other classes with similar type hints as well.","Sure, let's start by gathering the necessary details to address the issue. Could you please provide the following information:

1. What is the specific configuration setting in Sphinx that causes the unexpected behavior?
2. What is the exact unexpected behavior you are observing? (e.g., what does the generated HTML look like?)
3. Are there any specific classes or methods that are affected by this issue?","1. The configuration setting is: `autodoc_typehints = ""description""`.

2. The unexpected behavior is that the generated HTML documentation for the class includes ""Return type: None"" under the class itself, which doesn't make sense since a class itself shouldn't have a return type.

3. It affects classes documented with `.. autoclass::` which have an `__init__` method annotated with a return type (such as `-> None`).",4,5,5,4
32b,django__django-14559,"Sure, let's start by gathering the necessary details to address the issue. Could you please provide the following information:

1. The names of the two functions that are being compared.
2. The specific file(s) where these functions are located.
3. Any specific parameters or arguments that these functions take.
4. The exact discrepancy in the return values that you are trying to resolve.
5. Any additional context or details that might be relevant to understanding the issue.

This will help me understand the problem better and proceed with the necessary changes.","1. The two functions being compared are `bulk_update()` and `update()`.
2. These functions are located in the file `django/db/models/query.py`.
3. The `update()` function takes parameters for filtering query results and the updates to be applied, while `bulk_update()` takes a list of objects and a list of fields to update.
4. The discrepancy is that `update()` returns the number of rows matched, whereas `bulk_update()` currently returns `None`.
5. It would be beneficial for `bulk_update()` to return the number of rows matched, similar to `update()`, to improve consistency and usability in handling batch updates.","Sure, let's start by gathering the necessary details to address the issue. Could you please provide the following information:

1. The names of the two functions that are being compared.
2. The specific file(s) where these functions are located.
3. Any specific parameters or arguments that these functions take.
4. The exact discrepancy in the return values that you are trying to resolve.
5. Any additional context or constraints that are relevant to this issue.

This information will help me understand the problem better and make the necessary changes efficiently.","1. The two functions being compared are `bulk_update()` and `update()`.
2. These functions are located in `django/db/models/query.py`.
3. `bulk_update` takes `objs`, `fields`, and an optional `batch_size`.
4. Currently, `update()` returns the number of rows matched (an integer), while `bulk_update()` returns `None`. I want `bulk_update()` to return the total number of rows matched/updated by summing the results of the internal `update()` calls.
5. In the discussions, we decided to take the simplest approach and make `bulk_update` return an integer (the sum of its updates). Duplicate objects across batches might be counted twice, but we are keeping it simple for now without complex future-proofing.",5,5,5,5
32b,django__django-13315,"Sure, let's start by gathering the necessary details to address the issue. Could you please provide the following information:

1. The specific file and line number where the ForeignKey field with the problematic Q object is defined.
2. The exact Q object that is causing the issue.
3. Any additional context or details about the models involved in the join operation.
4. The expected behavior versus the current behavior.

This information will help me understand the problem better and make the necessary changes.",I don't have that information.,"Sure, let's start by gathering the necessary details to address the issue. Could you please provide the following information:

1. The specific file and line number where the ForeignKey field with the problematic Q object is defined.
2. The exact Q object expression that is causing the issue.
3. Any relevant context or additional details about the models involved in the ForeignKey relationship.
4. The expected behavior versus the current behavior when the issue occurs.

This information will help me understand the problem better and make the necessary changes.","I don't have a specific file or line number from my codebase since this is a general issue with how `ForeignKey(limit_choices_to=...)` generates form fields, but I can describe the setup:

1. & 3. It happens on any model with a `ForeignKey` that uses `limit_choices_to` with a `Q` object involving a join (spanning a relation).
2. For example, a `limit_choices_to=models.Q(tag__name='some_tag')` (where multiple tags can exist, causing a SQL join).
4. **Expected behavior:** The dropdown/form field choices should list each model instance exactly once. 
**Current behavior:** If the join results in multiple rows for the same object in SQL, duplicate options are rendered in the form field, and selecting one can even crash the system with a `MultipleObjectsReturned` error.",1,4,4,1
32b,sphinx-doc__sphinx-8120,"Sure, let's start by gathering the necessary details to address the issue with custom translations in Sphinx.

Could you please provide the following information:
1. The specific translation file you are trying to add and its location within the project.
2. The configuration settings you have applied in your Sphinx project to include this custom translation file.
3. Any relevant parts of the documentation or code that you believe are related to this issue.
4. The expected behavior versus the actual behavior you are observing.

This information will help me understand the problem better and guide you through the necessary changes.","1. The specific translation file I am trying to add is `locale/da/LC_MESSAGES/sphinx.po`, and it is located in the same directory as the `Makefile`.

2. In my Sphinx project, I have set `language = 'da'` in `conf.py`, and I've also ensured that `gettext_auto_build = True` is enabled.

3. I believe the relevant part of the documentation is [this link](http://www.sphinx-doc.org/en/master/usage/configuration.html#confval-locale_dirs), which addresses how to use custom translation files with Sphinx. Additionally, the issue might relate to [this link](https://github.com/sphinx-doc/sphinx/issues/1242).

4. The expected behavior is that my custom translations for internal messages, such as changing `Fig. %s` to `Foobar %s`, are used in the generated HTML. However, the actual behavior is that the translations from the official Danish translation are used instead of my provided translations.","To effectively address the issue with custom translations in Sphinx, I need to gather some specific details from you. Please provide the following information:

1. What is the specific translation file you are trying to add, and where is it located in your project directory?
2. What are the exact configuration settings you have applied in your Sphinx project to include this custom translation file?
3. Can you describe the expected behavior and the actual behavior you are observing?
4. Are there any error messages or logs that you are seeing when you run Sphinx with the custom translation file?

This information will help me understand the problem better and make the necessary changes to the repository.","Here is the information you requested:

1. **Translation file and location:** 
   The file is `locale/da/LC_MESSAGES/sphinx.po` located in the root source directory (next to the `Makefile` and `conf.py`). It gets compiled to `locale/da/LC_MESSAGES/sphinx.mo` because of `gettext_auto_build = True`.

2. **Configuration settings in `conf.py`:**
   * `language = 'da'`
   * `locale_dirs = ['locale/']`
   * `gettext_auto_build = True`

3. **Expected vs. Actual behavior:**
   * **Expected:** The HTML output should use my custom translations defined in the local `.po`/`.mo` file. For example, the figure caption label should be ""Foobar 1"" and the code block caption label should be ""Whatever 1"".
   * **Actual:** It ignores my custom translations completely and uses the built-in system translations packaged with Sphinx (displaying ""figur 1"" and ""Viser 1"").

4. **Error messages and logs:**
   There are no error messages or logs. The HTML builds successfully without warnings, it just silently ignores the custom translation file unless I use the ""en"" language workaround I mentioned in the bug report.",4,5,5,4
32b,sphinx-doc__sphinx-10466,"Sure, let's start by gathering the necessary details to address the issue. Here are my questions:

1. Which specific build command should I use to reproduce the issue?
2. In which Python file is the method that needs to be modified located?
3. Can you provide an example of the output file with duplicated entries so I can identify the exact location of the issue?
4. Are there any specific sections or functions within the identified file that you suspect might be causing the duplication?

Please provide the answers to these questions so I can proceed with the necessary changes.","1. You can reproduce the issue by running the command `make clean; make gettext` in the Blender documentation source directory.

2. The method that needs to be modified is located in the file `sphinx/builders/gettext.py` within the `__init__` method.

3. An example of the output file with duplicated entries is the `build/gettext/blender_manual.pot`, where you may find repeated locations such as:
   ```
   #: ../../manual/modeling/hair.rst:0
   #: ../../manual/modeling/hair.rst:0
   #: ../../manual/modeling/hair.rst:0
   ```

4. The specific sections to look at include the `__init__` method and the `__iter__` method within `gettext.py`, as they seem to be involved in how locations are processed for duplication.","Sure, let's start by gathering the necessary details to address the issue. Here are my questions:

1. Which specific build command should I use to reproduce the issue?
2. In which Python file is the method that needs to be modified located?
3. Can you provide an example of the duplicated location entries in the generated file?
4. Are there any specific sections or functions within the Python file that you suspect might need changes?
5. Are there any other files or configurations that might be relevant to this issue?

Please provide answers to these questions so I can proceed with the necessary changes.","Here are the answers to your questions based on what I found while debugging:

1. **Build command:** 
   ```bash
   make clean; make gettext
   ```

2. **Python file:** 
   `sphinx/builders/gettext.py`

3. **Example of duplicated entries:**
   ```po
   #: ../../manual/modeling/hair.rst:0
   #: ../../manual/modeling/hair.rst:0
   #: ../../manual/modeling/hair.rst:0
   ```

4. **Functions that need changes:**
   * In `sphinx/builders/gettext.py`, inside the `__init__` method of the message container, we should deduplicate locations (e.g., `self.locations = list(set(locations))`).
   * More importantly, inside the `__iter__` method of the catalog class, absolute paths are sometimes mixed with relative paths (because of how they are recorded), which prevents deduplication. We need to normalize them to relative paths before deduplicating, for example:
     ```python
     positions = [(os.path.relpath(source, start=os.getcwd()), line) for source, line, uuid in self.metadata[message]]
     ```
     and then get unique positions.

5. **Other relevant files:**
   The issue is mainly within `sphinx/builders/gettext.py` because of how Sphinx collects and yields translation messages.",5,5,5,5
32b,django__django-13807,"Sure, let's start by gathering the necessary details to address the issue. Here are my questions:

1. Which specific versions of Django and SQLite are affected by this issue?
2. Can you provide an example of a SQL reserved keyword that causes the crash when used as a table name?
3. Are there any specific configurations or settings in Django that need to be considered for this issue?","1. The issue is confirmed in Django versions 3.1.0 and 3.1.2.

2. The SQL reserved keyword that causes the crash when used as a table name is ""order.""

3. There are no specific configurations or settings that need to be considered for this issue; it arises from the use of a SQL reserved keyword as a table name and how it's handled in the code.","Sure, let's start by gathering the necessary details to address the issue. Here are my questions:

1. Which specific versions of Django and SQLite are affected by this issue?
2. Can you provide an example of a SQL reserved keyword that causes the crash when used as a table name?
3. Are there any specific SQL statements or commands that are known to fail due to this issue?
4. Are there any particular configurations or settings in Django that need to be considered when reproducing the issue?
5. Are there any other relevant details or context that might help in understanding and fixing the issue?

Please provide answers to these questions so I can proceed with the necessary changes.","Hi, here are the details from my experience reporting this:

1. **Versions**: I confirmed the issue on Django **3.1.0** and **3.1.2**.
2. **Reserved Keyword**: The word **`order`** causes the crash (e.g., naming a model `Order` or setting `db_table = 'order'`).
3. **Failing Commands**: The statements **`PRAGMA foreign_key_check(%s)`** and **`PRAGMA foreign_key_list(%s)`** fail with a syntax error because the table name is not quoted.
4. **Configuration**: No special settings needed, just using the SQLite database backend with a fixture and a table named after an SQL keyword.
5. **Additional Context**: The crash occurs in `django/db/backends/sqlite3/base.py` in the `check_constraints` method. A Django contributor confirmed that wrapping `table_name` with `self.ops.quote_name(table_name)` should resolve the issue.",4,5,5,4
32b,django__django-12125,"Sure, let's start by gathering the necessary details to address the issue. Here are my questions:

1. Could you provide an example of a Django model that uses an inner class for a custom field, and how the incorrect migration file is generated?
2. What is the expected format of the migration file for the custom field defined as an inner class?
3. Are there any specific files or modules in the Django codebase that you think are relevant to this issue?
4. Are there any specific error messages or logs that you encounter when running `makemigrations` with the inner class custom field?

Please provide the answers to these questions so I can proceed with the necessary changes.","1. An example of a Django model that uses an inner class for a custom field is as follows:
   ```python
   class Outer(object):
       class Inner(models.CharField):
           pass

   class A(models.Model):
       field = Outer.Inner(max_length=20)
   ```
   The incorrect migration file generated after running `makemigrations` looks like this:
   ```python
   migrations.CreateModel(
       name='A',
       fields=[
           ('id', models.AutoField(auto_created=True, primary_key=True, serialize=False, verbose_name='ID')),
           ('field', test1.models.Inner(max_length=20)),
       ],
   )
   ```

2. The expected format of the migration file for the custom field defined as an inner class should be:
   ```python
   migrations.CreateModel(
       name='A',
       fields=[
           ('id', models.AutoField(auto_created=True, primary_key=True, serialize=False, verbose_name='ID')),
           ('field', test1.models.Outer.Inner(max_length=20)),
       ],
   )
   ```

3. Relevant files or modules in the Django codebase for this issue include `django/db/migrations/serializer.py`, specifically around the handling of nested classes and the serialization process.

4. There are no specific error messages encountered, but the generated migration file incorrectly references the inner class as `test1.models.Inner`, which leads to confusion since it should be `test1.models.Outer.Inner`.","Sure, let's start by gathering the necessary details to address the issue.

1. Could you please provide the specific file and class names where the inner class is defined and used in a Django model?
2. Can you share the exact error message or behavior you are encountering when running `makemigrations` with the inner class?
3. Are there any specific Django versions or configurations that are relevant to this issue?
4. Do you have a minimal example of a Django model and inner class that reproduces the issue?

Please provide the answers to these questions so I can proceed with the necessary changes.","Here are the details you requested:

1. **Specific file and class names**:
   The issue happens when defining an inner class (like an subclass of a field or an `enum.Enum`/`models.Choices`) inside a model or another outer class. For example, a model class `Thing` containing an inner enum class `State`, or an outer class `Outer` containing an inner field class `Inner`.

2. **Exact error message/behavior**:
   When running `makemigrations`, the generated migration file contains the incorrect path using only the class name instead of the fully qualified path with the outer class. For example:
   * It generates `test1.models.Inner` instead of `test1.models.Outer.Inner`.
   * It generates `test1.models.State` instead of `test1.models.Thing.State`.
   When trying to run or load these migrations, you get errors like `AttributeError: module 'app_name.models' has no attribute 'State'`.

3. **Relevant Django versions**:
   We are seeing this in Django 3.0rc1/3.0.x (and it's relevant to any Python 3-only version). The system should be using `__qualname__` in `TypeSerializer` inside `django/db/migrations/serializer.py` instead of `__name__` so that nested types/enums are serialized with their full path.

4. **Minimal example**:
   ```python
   import enum
   from django.db import models

   class Thing(models.Model):
       class State(enum.Enum):
           ON = 'on'
           OFF = 'off'
       # Or using Django's models.IntegerChoices / models.TextChoices
       
       # When serialized, TypeSerializer (e.g., used for the Enum type itself) 
       # refers to test1.models.State instead of test1.models.Thing.State
   ```",5,5,5,5
32b,sympy__sympy-17318,"Sure, let's start by gathering the necessary details to address the issue with the `sqrtdenest` function.

Could you please provide the following information:
1. The exact file path and name where the `sqrtdenest` function is defined.
2. A specific example of a complex expression that causes the `IndexError`.
3. Any additional context or details about the expected behavior of the `sqrtdenest` function when it cannot denest an expression.

This information will help me make the necessary changes to the repository.","1. The `sqrtdenest` function is defined in the file `sympy/simplify/sqrtdenest.py`.
   
2. A specific example of a complex expression that causes the `IndexError` is:
   ```python
   sqrtdenest((3 - sqrt(2)*sqrt(4 + 3*I) + 3*I)/2)
   ```

3. The expected behavior of the `sqrtdenest` function when it cannot denest an expression is that it should return the expression unchanged, rather than raising an error.","Sure, let's start by gathering the necessary details to address the issue with the `sqrtdenest` function.

Could you please provide the following information:
1. The exact file path and name where the `sqrtdenest` function is defined.
2. A specific example of a complex expression that causes the `IndexError`.
3. Any additional context or details about the expected behavior of the `sqrtdenest` function when it cannot denest an expression.

This information will help me make the necessary changes to the repository.","1. `sqrtdenest` is defined in `sympy/simplify/sqrtdenest.py`.

2. The expression `sqrtdenest(3 - sqrt(2)*sqrt(4 + I) + 3*I)` raises the `IndexError` on the current master branch. Here is another example:
```python
from sympy.simplify.radsimp import rad_rationalize
from sympy import sqrt, I
rad_rationalize(1, 4 + I)
```
which also raises the same `IndexError`.

3. If an expression cannot be denested, `sqrtdenest` is expected to return it unchanged rather than raising an error.",5,5,5,5
32b,astropy__astropy-14309,"Sure, let's start by gathering the necessary details to address the issue.

Could you please provide the following information:
1. The specific commit hash that introduced the change leading to the `IndexError`.
2. The exact line of code in the `identify_format` function where the `IndexError` occurs.
3. A sample file path that triggers the `IndexError` when passed to the `identify_format` function.
4. Any additional context or details about the expected behavior of the `identify_format` function before and after the change.

This information will help me understand the issue better and make the necessary changes.","1. The specific commit hash that introduced the change leading to the `IndexError` is `2a0c5c6f5b982a76615c544854cd6e7d35c67c7f`.

2. The `IndexError` occurs at this line in the `identify_format` function: `return isinstance(args[0], (HDUList, TableHDU, BinTableHDU, GroupsHDU))`.

3. A sample file path that triggers the `IndexError` is `""bububu.ecsv""` (any string that does not have a recognized FITS extension).

4. Before the change, the behavior of the `identify_format` function returned `None` for file paths without recognized extensions. After the change, it attempts to execute `isinstance(args[0], ...)`, which leads to the `IndexError` if `args` is empty. The expected behavior is for it to safely handle file paths without recognized extensions without raising an error.","Sure, let's start by gathering the necessary details to address the issue. Here are my questions:

1. Could you please provide the specific commit hash that introduced the change causing the `IndexError`?
2. Can you share the exact error message you are encountering?
3. What is the specific file path you are using that triggers the `IndexError`?
4. Are there any specific conditions or inputs that consistently reproduce the error?

Please provide the answers to these questions so I can proceed with the necessary changes.","Here are the details from my report:

1. **Commit Hash**: The issue seems related to commit `2a0c5c6f5b982a76615c544854cd6e7d35c67c7f`.
2. **Error Message**:
```
  File ""/home/runner/work/HENDRICS/HENDRICS/.tox/py310-test-devdeps/lib/python3.10/site-packages/astropy/io/registry/base.py"", line 313, in identify_format
    if self._identifiers[(data_format, data_class)](
  File ""/home/runner/work/HENDRICS/HENDRICS/.tox/py310-test-devdeps/lib/python3.10/site-packages/astropy/io/fits/connect.py"", line 72, in is_fits
    return isinstance(args[0], (HDUList, TableHDU, BinTableHDU, GroupsHDU))
IndexError: tuple index out of range
```
3. **File Path**: Any path that is a string without a FITS extension, such as `""bububu.ecsv""`.
4. **Reproducible conditions**: Running `identify_format(""write"", Table, ""bububu.ecsv"", None, [], {})` triggers this because `args` in `is_fits(origin, filepath, fileobj, *args, **kwargs)` is empty, making `args[0]` raise an `IndexError`.",5,5,5,5
32b,django__django-15572,"Sure, let's start by gathering the necessary details to address the issue. Here are my questions:

1. Could you please specify which file or files in the repository are responsible for handling the template directories and the autoreload feature?
2. Can you provide a minimal example of the configuration that causes the autoreload feature to malfunction?
3. Are there any specific error messages or logs that you encounter when the autoreload feature is not functioning as expected?
4. Are there any particular Django settings or configurations that need to be considered when making these changes?

Please provide the answers to these questions so I can proceed with the necessary modifications.","1. The file responsible for handling the autoreload feature related to template directories is `django/template/autoreload.py`.

2. A minimal example of the configuration that causes the autoreload feature to malfunction is:
   ```python
   ""DIRS"": os.getenv(""TEMPLATES_DIRS"", """").split("","")  # This returns ['']
   ```

3. I don't have that information.

4. I don't have that information.","Sure, let's start by gathering the necessary details to address the issue. Here are my questions:

1. Could you please specify which file or files in the repository are responsible for handling the template directories and the autoreload feature?
2. Are there any specific configuration settings or environment variables that need to be set to reproduce the issue?
3. Could you provide a minimal example or configuration that triggers the malfunction of the autoreload feature due to the presence of an empty string in the template directories?

These details will help me understand the issue better and proceed with the necessary changes.","1. The file responsible for this issue is `django/template/autoreload.py`, specifically the `template_changed` function.

2. Any configuration that leads to an empty string `''` being present in Django's `TEMPLATES` -> `DIRS` setting will trigger the bug. This often happens if you try to parse a template directory from an environment variable that is empty, like:
   `os.getenv(""TEMPLATES_DIRS"", """").split("","")`

3. To reproduce it, you just need a standard Django settings file with the following `TEMPLATES` configuration containing an empty string in `DIRS`:
   ```python
   TEMPLATES = [
       {
           'BACKEND': 'django.template.backends.django.DjangoTemplates',
           'DIRS': [''],  # An empty string here triggers the issue
           'APP_DIRS': True,
           ...
       },
   ]
   ```
   When configured this way, `pathlib.Path('')` resolves to the project root directory. Because of this, any file change inside the project triggers `template_changed` to return `True` (as it matches the root directory), which breaks the standard autoreload behavior for code changes.",3,5,5,4
32b,sphinx-doc__sphinx-9320,"Sure, let's start by gathering the necessary details to address the issue.

1. Could you please provide the exact error message you are encountering when you press 'Enter' at the prompt?
2. In which specific file and function is the `sphinx-quickstart` tool implemented?
3. Are there any specific conditions or inputs that trigger this error? For example, does it happen only when a `conf.py` file exists in the directory, or are there other conditions?
4. Could you provide the screenshot or a description of the prompt where pressing 'Enter' results in the error?

Please provide the answers to these questions so I can proceed with the necessary changes.","1. The exact error message I encounter when I press 'Enter' is: *""Please enter a valid path name""*.

2. I believe the `sphinx-quickstart` tool is implemented in the `sphinx/cmd/quickstart.py` file.

3. This error specifically occurs when there is an existing `conf.py` file in the directory. It seems to be tied to that condition since when I run it in a directory without a `conf.py`, it allows me to exit when I press 'Enter'.

4. I cannot provide the screenshot directly here, but as mentioned earlier, when I press 'Enter' at the prompt *""Please enter a new root path name (or just Enter to exit)""*, I receive the error message about needing a valid path name.","To effectively address the issue with the `sphinx-quickstart` tool, I need to gather some specific details from you. Here are my questions:

1. In which specific directory did you encounter the issue when running `sphinx-quickstart`?
2. Could you provide the exact error message you received when pressing 'Enter' at the prompt?
3. Are there any specific environment settings or configurations that are necessary to reproduce the issue?","1. I just ran it in a normal working directory on my terminal. Running it once created the default `conf.py` in that directory, and running it a second time in the same directory triggered the bug.
2. The prompt says: `Please enter a new root path name (or just Enter to exit)`. When I press Enter, the error message shown is: `Please enter a valid path name`.
3. No special configurations are necessary. You can reproduce it on any clean directory simply by running `sphinx-quickstart` twice in a row.",4,4,4,4
32b,django__django-12325,"Sure, let's start by gathering the necessary details to address the issue. Could you please provide the following information:

1. The specific model in which the `OneToOneField` references are causing confusion.
2. The exact error message you are encountering.
3. The current order of the `OneToOneField` declarations in the model.
4. Any specific fields or configurations that you believe are relevant to the issue.
5. The Django version you are using, as this might affect the behavior.

This information will help me understand the problem better and make the necessary changes.","1. The specific model is `Picking`, which has `OneToOneField` references to `Document`.
2. The exact error message is: ""Add parent_link=True to appname.Picking.origin.""
3. The current order of the `OneToOneField` declarations is:
   ```python
   document_ptr = models.OneToOneField(Document, on_delete=models.CASCADE, parent_link=True, related_name='+')
   origin = models.OneToOneField(Document, related_name='picking', on_delete=models.PROTECT)
   ```
4. The issue seems to arise from having multiple `OneToOneField` references to the same model (`Document`) in the `Picking` class.
5. I am using Django version 3.2. 

I hope this helps clarify the problem!","Sure, let's start by gathering the necessary details to address the issue. Could you please provide the following information:

1. The specific model in which the `OneToOneField` references are causing confusion.
2. The exact error message you are encountering.
3. The current order of the `OneToOneField` declarations in the model.
4. Any specific fields or configurations that you believe are relevant to the issue.
5. The Django version you are using, as this might affect the behavior.

This information will help me understand the problem better and make the necessary changes.","Here is more detail regarding your questions:

1. **Specific models**: 
   ```python
   class Document(models.Model):
       pass

   class Picking(Document):
       document_ptr = models.OneToOneField(Document, on_delete=models.CASCADE, parent_link=True, related_name='+')
       origin = models.OneToOneField(Document, related_name='picking', on_delete=models.PROTECT)
   ```
   Alternatively, even in this simpler case with an implicitly generated parent pointer:
   ```python
   class Document(models.Model):
       pass

   class Picking(Document):
       some_unrelated_document = models.OneToOneField(Document, related_name='something', on_delete=models.PROTECT)
   ```

2. **Exact error message**: 
   `django.core.exceptions.ImproperlyConfigured: Add parent_link=True to appname.Picking.origin` (or against `some_unrelated_document` in the second case).

3. **Current order**: 
   * Having `document_ptr` defined *before* `origin` produces the error. 
   * If `origin` is defined *before* `document_ptr`, it works. 

4. **Relevant fields/configurations**: 
   The `parent_link=True` option is explicitly set on `document_ptr`, but Django seems to get confused when there are multiple `OneToOneField`s pointing to the parent model. It looks like Django's model creation checks `OneToOneField`s in order and doesn't prioritize the one with `parent_link=True` unless it is defined last (or first, depending on how the loop executes). Some community feedback suggests sorting by `remote_field.parent_link` during model system initialization in `django/db/models/base.py` to fix this.

5. **Django version**: 
   I don't have the exact Django version information, but it is currently reproducible on the latest release/development version.",5,5,5,5
32b,scikit-learn__scikit-learn-15100,"Sure, let's start by gathering the necessary details to address the issue with the `strip_accents_unicode` function in the `CountVectorizer` tool.

Could you please provide the following information:
1. What specific Unicode normalization form is causing the issue?
2. Can you provide an example of a string that fails to have its accents removed correctly?
3. Are there any specific requirements or constraints for the solution that you are aware of?","1. The specific Unicode normalization form causing the issue is NFKD (Normalization Form KD).
2. An example of a string that fails to have its accents removed correctly is the string `s2`, which is constructed as `chr(110) + chr(771)`, representing ""n"" followed by a combining tilde. `strip_accents_unicode(s2)` returns `s2` unchanged.
3. I don't have that information.","Sure, let's start by gathering the necessary details to address the issue with the `strip_accents_unicode` function in the `CountVectorizer` tool.

Could you please provide the following information:
1. Which specific Unicode normalization form is causing the issue?
2. Can you provide an example of a string that fails to have its accents removed by the current implementation?
3. Are there any specific requirements or constraints for the solution, such as performance considerations or compatibility with existing code?

This information will help me understand the problem better and implement the necessary changes effectively.","1. The issue happens with strings that are already in **NFKD** form (decomposed form).
2. Yes, `s2 = chr(110) + chr(771)` (which represents the character ""n"" followed by ""COMBINING TILDE"") fails to have its accent stripped. `strip_accents_unicode(s2)` returns it unchanged instead of returning `""n""`.
3. The maintainers agreed that removing the `if` branch from `strip_accents_unicode` is the correct solution and requested a Pull Request containing that fix and some non-regression tests.",4,5,5,4
32b,sphinx-doc__sphinx-7910,"Sure, let's start by gathering the necessary details to address the issue. Here are my questions:

1. Could you provide the specific name of the decorated `__init__` method that is not appearing in the documentation?
2. What is the exact decorator being used on this `__init__` method?
3. Are there any specific settings or configurations in the Sphinx documentation tool that you believe are relevant to this issue?
4. Could you provide a minimal example of the class and its `__init__` method that demonstrates the problem?
5. Are there any specific error messages or logs that you are seeing that might indicate what is going wrong?

Please provide the answers to these questions so I can proceed with the necessary changes.","1. The specific name of the decorated `__init__` method is `DistributedTrainerReplicated.__init__`.

2. The exact decorator being used on this `__init__` method is `functools.wraps`.

3. Yes, I have the setting `napoleon_include_init_with_doc = True` in my Sphinx configuration, which is meant to include the `__init__` method in the documentation.

4. I don't have that information.

5. I don't have that information.","Sure, let's start by gathering the necessary details to address the issue. Here are my questions:

1. Could you provide the specific decorator that is being used on the `__init__` method?
2. What are the current Sphinx settings in the `conf.py` file that are intended to include the decorated `__init__` method in the documentation?
3. Are there any specific error messages or logs that you are seeing when the documentation is generated?
4. Could you provide a minimal example of a Python class with a decorated `__init__` method that reproduces the issue?

Please provide the answers to these questions so I can proceed with the necessary changes.","Here are the details from my environment and setup:

1. **Decorator used**: Any decorator that uses `functools.wraps` (so the wrapper retains the `__doc__` and other attributes), but because it's a wrapper, its `__globals__` doesn't contain the class anymore.
2. **Sphinx settings**:
   ```python
   napoleon_include_init_with_doc = True
   ```
3. **Error messages/logs**: There are no error messages or traceback logs because Sphinx doesn't crash; the `__init__` method simply doesn't show up in the generated documentation.
4. **Minimal reproducing example**:
   ```python
   import functools

   def dummy_decorator(func):
       @functools.wraps(func)
       def wrapper(*args, **kwargs):
           return func(*args, **kwargs)
       return wrapper

   class MyClass:
       @dummy_decorator
       def __init__(self):
           """"""This is the docstring that won't show up.""""""
           pass
   ```",4,5,5,3
32b,sphinx-doc__sphinx-7454,"Sure, let's start by gathering the necessary details to address the issue. Here are my questions:

1. Could you please specify the exact location of the `autodoc_typehints` setting in the Sphinx configuration files?
2. Can you provide an example of how the current behavior differs when `autodoc_typehints` is set to 'description' versus 'signature'?
3. Are there any specific files or modules in the repository that are particularly relevant to this issue?
4. Do you have any specific expectations or guidelines for how the `None` type hint should be handled in both 'description' and 'signature' modes?

Please provide answers to these questions so I can proceed with the necessary changes.","1. The `autodoc_typehints` setting is located in the `docs/conf.py` file of my Sphinx project.

2. When `autodoc_typehints` is set to 'description', the `None` type hint generates a clickable link to the Python documentation for `None`. In contrast, when it is set to 'signature', the `None` in the function's signature does not create a clickable link.

3. The relevant file in the repository for this issue is `sphinx/domains/python.py`, as it likely contains the handling logic for the type hints.

4. I expect that the `None` type hint should generate a clickable link to the documentation for the `None` singleton in both 'description' and 'signature' modes.","Sure, let's start by gathering the necessary details to address the issue. Here are my questions:

1. Could you please specify the exact location of the `autodoc_typehints` setting in the Sphinx configuration files?
2. Can you provide an example of how the `None` type hint is currently being documented when `autodoc_typehints` is set to 'description' and 'signature'?
3. Are there any specific files or modules in the repository that are particularly relevant to the `autodoc_typehints` setting and its handling of `None` type hints?
4. Are there any existing configuration options or settings that might be related to this issue that I should be aware of?

Please provide the answers to these questions so I can proceed with the necessary changes.","Hi, here is the information from my environment and testing:

1. In the reproducer script, `autodoc_typehints` is configured in `docs/conf.py` (for example, `autodoc_typehints = 'description'`).
2. When set to `'signature'`, the HTML generated for `f1` doesn't contain a link for `None`, only `f2` gets a link for `int`:
   ```html
   <code class=""sig-prename descclassname"">type_hint_test.</code><code class=""sig-name descname"">f2</code><span class=""sig-paren"">(</span><span class=""sig-paren"">)</span> &#x2192; <a class=""reference external"" href=""https://docs.python.org/3/library/functions.html#int"" title=""(in Python v3.8)"">int</a>
   ```
   When set to `'description'`, both get links:
   ```html
   <dd class=""field-odd""><p><a class=""reference external"" href=""https://docs.python.org/3/library/constants.html#None"" title=""(in Python v3.8)"">None</a></p>
   <dd class=""field-odd""><p><a class=""reference external"" href=""https://docs.python.org/3/library/functions.html#int"" title=""(in Python v3.8)"">int</a></p>
   ```
3. I suspect the issue might be related to how types are resolved in signatures, possibly in `sphinx/domains/python.py`.
4. I am using `sphinx.ext.autodoc` and `sphinx.ext.intersphinx` with `intersphinx_mapping = {""python"": (""https://docs.python.org/3"", None)}`.",4,5,5,4
32b,django__django-11099,"Sure, let's start by gathering the necessary details to address the issue.

1. Could you please provide the path to the file that contains the username validation logic?
2. What is the current regular expression pattern that is being used for username validation?
3. Could you provide an example of a username that currently passes validation but should not, due to ending with a newline character?

These details will help me make the necessary changes accurately.","1. The path to the file that contains the username validation logic is `django/contrib/auth/validators.py`.
2. The current regular expression pattern being used for username validation is `r'^[\w.@+-]+$'`.
3. An example of a username that currently passes validation but should not is `username\n`.","Sure, let's start by gathering the necessary details to address the issue.

1. Could you please provide the path to the file where the username validation logic is implemented?
2. Could you share the current regular expression pattern that is being used for username validation?
3. Are there any specific constraints or rules for the usernames that should be maintained apart from not ending with a newline character?

Please provide the answers to these questions so I can proceed with the necessary changes.","1. The file is located at `django/contrib/auth/validators.py`.
2. The current regular expression being used is `r'^[\w.@+-]+$'`.
3. The existing validation should still only allow alphanumeric characters, as well as `.`, `@`, `+`, and `-`. The only change needed is to prevent a trailing newline by using `\A` and `\Z` instead of `^` and `$`.",4,4,4,4
32b,pylint-dev__pylint-6903,"Sure, let's start by gathering the necessary details to address the issue.

1. Could you please specify the exact function in the repository that calculates the number of CPUs available? This will help me locate the relevant code.
2. Are there any specific conditions under which the function returns zero, leading to the crash? Understanding these conditions will help in crafting a robust fix.
3. Could you provide a minimal example or a script that reproduces the error when running pylint with the `--jobs=0` option in a Kubernetes environment? This will allow me to confirm the issue and test the fix.

Please provide the answers to these questions so we can proceed.","1. The exact function in the repository that calculates the number of CPUs available is `pylint.run._query_cpu()`.

2. The function returns zero mainly when it tries to calculate the number of CPUs based on the cgroup settings, which in certain Kubernetes configurations can lead to `cpu.shares` being very low (e.g., `2`), and thus the calculation results in `0` after casting to an integer.

3. I don't have that information.","Sure, let's start by gathering the necessary details to address the issue.

1. Could you please specify the exact function in the repository that calculates the number of CPUs available? This will help me locate the relevant code.
2. Are there any specific conditions or inputs that lead to the function returning zero, causing the crash?
3. What is the expected behavior when the function returns zero? Should it default to a specific number of CPUs, or should it handle it differently?
4. Are there any existing logs or error messages that can provide more context about the crash when `--jobs=0` is used in a Kubernetes environment?

Please provide the answers to these questions so I can proceed with the necessary changes.","Here are the details from my environment and what I observed:

1. The function is **`_query_cpu()`** located in `pylint/lint/run.py`.

2. Yes, this happens when the limits read from standard cgroups files are very low:
   - `/sys/fs/cgroup/cpu/cpu.cfs_quota_us` returns `-1`
   - `/sys/fs/cgroup/cpu/cpu.shares` returns `2`
   This leads to the calculation `2 / 1024` (in `pylint/lint/run.py`), which cast to `int` becomes `0`.

3. The calculated number should never be 0 because Python's `multiprocessing` requires at least 1 process. I suggest returning at least `1` in this case (e.g. using `max(..., 1)` or appending ` or 1` to the result).

4. Here is the traceback in the logs when it crashes:
   ```
   File ""/usr/local/lib/python3.9/dist-packages/pylint/lint/run.py"", line 197, in __init__
     linter.check(args)
   File ""/usr/local/lib/python3.9/dist-packages/pylint/lint/pylinter.py"", line 650, in check
     check_parallel(
   File ""/usr/local/lib/python3.9/dist-packages/pylint/lint/parallel.py"", line 140, in check_parallel
     with multiprocessing.Pool(
   File ""/usr/lib/python3.9/multiprocessing/context.py"", line 119, in Pool
     return Pool(processes, initializer, initargs, maxtasksperchild,
   File ""/usr/lib/python3.9/multiprocessing/pool.py"", line 205, in __init__
     raise ValueError(""Number of processes must be at least 1"")
   ValueError: Number of processes must be at least 1
   ```",4,5,5,4
32b,sphinx-doc__sphinx-9281,"Sure, let's start by gathering the necessary details to address the issue. Here are my questions:

1. Could you please provide the specific function or module in the repository where the rendering of Python Enum values in function signatures is handled?
2. What is the current output format of the Enum values in the function signatures, and what is the expected output format?
3. Are there any specific Enum classes or examples that I should be aware of to reproduce the issue?
4. Are there any configuration settings or options in Sphinx that might be relevant to this issue?

Please provide the answers to these questions so I can proceed with the necessary changes.","1. The rendering of Python Enum values in function signatures is handled in the `ugly_enum_func` function within the repository.

2. The current output format of the Enum values in the function signatures is: 
   `ugly_enum_func(e: ugly_enum.MyEnum = <MyEnum.ValueA: 10>) -> None`
   The expected output format is: 
   `ugly_enum_func(e: ugly_enum.MyEnum = MyEnum.ValueA) -> None`

3. The specific Enum class to be aware of is `MyEnum`, which contains values `ValueA` and `ValueB`. The issue arises when using `MyEnum.ValueA` as a default argument in the function signature.

4. I don't have that information.","Sure, let's start by gathering the necessary details to address the issue. Here are my questions:

1. Could you please provide the specific function or module in the repository where the rendering of Python Enum values in function signatures is handled?
2. What is the current output format of the Enum values in the function signatures, and what is the expected output format?
3. Are there any specific Enum classes or examples that I can use to reproduce the issue?
4. Are there any configuration settings or options in Sphinx that might be affecting the rendering of Enum values?

Please provide the answers to these questions so I can proceed with the necessary changes.","Here are the details from my side:

1. I believe the formatting of default arguments in signature rendering is handled in **`sphinx/util/inspect.py`** (specifically where default values are converted to strings, like `object_description` or similar representation helpers).
2. **Current output:** `ugly_enum_func(e: ugly_enum.MyEnum = <MyEnum.ValueA: 10>) → None`  
   **Expected output:** `ugly_enum_func(e: ugly_enum.MyEnum = MyEnum.ValueA) → None`
3. You can reproduce the issue using my minimal example repository: https://github.com/sidneycadot/sphinx_issue_ugly_enum  
   Or simply with this code:
   ```python
   import enum

   class MyEnum(enum.Enum):
       ValueA = 10
       ValueB = 20

   def ugly_enum_func(e: MyEnum = MyEnum.ValueA) -> None:
       pass
   ```
4. I don't use any special configuration — just the standard `sphinx.ext.autodoc` extension.",4,5,5,4
32b,sympy__sympy-24213,"Sure, let's start by gathering the necessary details to address the issue. Could you please provide the following information:

1. The specific function that is failing to recognize equivalent dimensions.
2. The exact error message you are encountering.
3. A minimal example of the input that causes the error.
4. Any additional context or details about the expected behavior.

This information will help me understand the problem better and make the necessary changes to the repository.","1. The specific function that is failing is `_collect_factor_and_dimension`.

2. The exact error message I am encountering is: 
   `ValueError: Dimension of ""v1"" is Dimension(velocity), but it should be Dimension(acceleration*time).`

3. A minimal example of the input that causes the error is:
```python
expr1 = a1*t1 + v1
SI._collect_factor_and_dimension(expr1)
```

4. The expected behavior is that `_collect_factor_and_dimension` should recognize that `v1` (which is a velocity) is equivalent to the product of acceleration and time, thus not raising an error.","Sure, let's start by gathering the necessary details to address the issue. Could you please provide the following information:

1. The specific function that is failing to recognize equivalent dimensions.
2. The exact error message you are encountering.
3. A minimal example of the input that causes the error.
4. Any additional context or details about the expected behavior.

This information will help me understand the problem better and make the necessary changes to the repository.","Hi! Here are the details you requested:

1. **Specific function:** `_collect_factor_and_dimension` in the `UnitSystem` class (specifically called on `SI` in my case, which is defined in `sympy/physics/units/unitsystem.py`).

2. **Exact error message:**
```
Traceback (most recent call last):
  File ""<stdin>"", line 1, in <module>
  File ""C:\Python\Python310\lib\site-packages\sympy\physics\units\unitsystem.py"", line 179, in _collect_factor_and_dimension
    raise ValueError(
ValueError: Dimension of ""v1"" is Dimension(velocity), but it should be Dimension(acceleration*time)
```

3. **Minimal example:**
```python
from sympy.physics import units
from sympy.physics.units.systems.si import SI

v1 = units.Quantity('v1')
SI.set_quantity_dimension(v1, units.velocity)
SI.set_quantity_scale_factor(v1, 2 * units.meter / units.second)

a1 = units.Quantity('a1')
SI.set_quantity_dimension(a1, units.acceleration)
SI.set_quantity_scale_factor(a1, -9.8 * units.meter / units.second**2)

t1 = units.Quantity('t1')
SI.set_quantity_dimension(t1, units.time)
SI.set_quantity_scale_factor(t1, 5 * units.second)

expr1 = a1*t1 + v1
SI._collect_factor_and_dimension(expr1)
```

4. **Expected behavior:**
The function should recognize that the dimension `acceleration * time` is equivalent to `velocity` in the SI system, and thus not raise a `ValueError` when adding `a1*t1` and `v1`.",5,5,5,5
32b,sympy__sympy-23262,"Sure, let's start by gathering the necessary details to address the issue.

1. Could you please provide the specific file and function within the SymPy repository that is responsible for the Python code printer?
2. Can you share the exact code snippet or example that demonstrates the issue with the single-element tuple formatting?
3. Are there any specific error messages or unexpected behaviors that occur when the issue arises?

Please provide the answers to these questions so I can proceed with the necessary changes.","1. The issue is related to the `lambdify` function in the `sympy/utilities/lambdify.py` file.

2. The code snippet demonstrating the issue is:
   ```python
   import inspect
   from sympy import lambdify

   inspect.getsource(lambdify([], tuple([1])))
   ```

3. The unexpected behavior is that SymPy 1.10 outputs:
   ```python
   'def _lambdifygenerated():\n    return (1)\n'
   ```
   instead of `(1,)`, which results in an integer being returned instead of a tuple when the output should always be a tuple.","Sure, let's start by gathering the necessary details to address the issue. Could you please provide the following information:

1. The specific file and function in the SymPy repository that is responsible for the Python code printer?
2. The exact code snippet or function call that is causing the issue with single-element tuples?
3. The expected output and the actual output you are getting with the current implementation?
4. Any additional context or constraints that are relevant to this issue?

This information will help me understand the problem better and make the necessary changes.","Hi,

Here are the details from my side:

1. I am not entirely sure of the exact file and function for the Python code printer, but the bisect points to commit `6ccd2b07ded5074941bb80b5967d60fa1593007a` from PR #21993.
2. The exact code causing the issue is:
   ```python
   import inspect
   from sympy import lambdify
   inspect.getsource(lambdify([], tuple([1])))
   ```
3. **Expected output**:
   ```python
   'def _lambdifygenerated():\n    return (1,)\n'
   ```
   **Actual output** in SymPy 1.10:
   ```python
   'def _lambdifygenerated():\n    return (1)\n'
   ```
4. This issue is specific to a python `tuple` with 1 element (it missing the trailing comma, which causes it to return an integer instead of a tuple). For tuples with two or more elements, the output is correct. A temporary workaround is using SymPy's `Tuple` object, but using the built-in python `tuple([1])` should be fixed.",5,5,5,5
32b,mwaskom__seaborn-3069,"Sure, let's start by gathering the necessary details to address the issue. Here are my questions:

1. Could you please specify which files in the repository are responsible for handling categorical and nominal scales in seaborn's plots?
2. Are there any specific functions or classes that need to be modified to ensure that nominal scales behave similarly to categorical scales?
3. Could you provide a brief description of the current behavior of categorical scales and how you would like nominal scales to behave?
4. Are there any specific challenges or considerations you have identified in implementing this change, particularly with margin settings and grid handling?
5. Do you have a script or example that reproduces the current behavior of categorical scales and can be used to verify the changes once implemented?

Please provide answers to these questions so I can proceed with the necessary modifications.","1. The relevant file for handling categorical and nominal scales is `seaborn/_core/plot.py`.

2. The functions or classes that likely need modification are within the plotting capabilities in Seaborn, particularly in the plotter methods that deal with finalizing figures.

3. Categorical scales currently extend +/- 0.5 from the first and last ticks, do not show a grid even when it would normally be present, and if on the y-axis, the axis is inverted. I would like nominal scales to adopt the same behaviors as categorical scales.

4. A specific challenge is ensuring that the scale margins are set correctly, possibly using sticky edges, and addressing how grids are controlled, especially if a user wants to force a grid despite the nominal scale's default behavior.

5. I don't have that information.","Sure, let's start by gathering the necessary details to address the issue. Here are my questions:

1. Could you please specify which files in the repository are responsible for handling categorical and nominal scales in seaborn's plots?
2. Are there any specific functions or classes that need to be modified to ensure that nominal scales behave similarly to categorical scales?
3. Could you provide a brief description of the current behavior of categorical scales and how you would like nominal scales to behave?
4. Are there any specific challenges or considerations you have identified in implementing this change, particularly with margin settings and grid handling?
5. Do you have a script or example that reproduces the current behavior of categorical scales and can be used to verify the changes once implemented?

Please provide answers to these questions so I can proceed with the necessary modifications.","As the user who reported this issue, here is the information from my perspective:

1. **Files:** I know the new objects interface scales and plotting logic are mainly implemented in `seaborn/_core/plot.py` and `seaborn/_core/scales.py`. I explicitly mentioned `Plotter._finalize_figure` in `seaborn/_core/plot.py` as a likely place for finalizing the figure-level adjustments.
2. **Specific classes/functions:** `Plotter._finalize_figure` is definitely one place to look for applying the grid and margin adjustments. The scale classes themselves (like `Nominal` in `seaborn/_core/scales.py`) are also relevant.
3. **Current vs. desired behavior:**
   Currently, nominal scales (like `so.Nominal()`) behave like normal numeric scales: they use standard margin logic, show grid lines if the theme has them, and don't invert the y-axis. 
   I want `so.Nominal` scales (including inferred ones) to behave like traditional seaborn categorical plots:
   * Draw the scale limits to +/- 0.5 from the first and last tick, instead of using normal margin logic.
   * Hide the grid lines on that axis (even if the active style/theme would normally show them).
   * Invert the axis if the scale is on the y-axis.
4. **Challenges/considerations:**
   * **Margins:** Adjusting the limits to +/- 0.5 can be tricky in matplotlib. An approach suggested to me once was adding an invisible artist with sticky edges and setting margins to 0, or setting sticky edges on the spine artist itself.
   * **Grid lines:** If we disable grid lines in `Plotter._finalize_figure`, we need to decide if we should do this unconditionally, or if/how we should allow a user to override this behavior (perhaps through a theme or scale setting).
   * **Y-axis inversion:** I am not exactly sure where the cleanest place to implement this is, but it needs to happen when `so.Nominal` is on the y-axis.
5. **Reproduction script:** I don't have a specific script handy, but you can reproduce this easily by plotting a simple bar or dot plot using `so.Plot` with a nominal or categorical variable on either axis and comparing the grid, limits, and y-axis orientation to `sns.countplot` or `sns.barplot`.",4,5,5,4
32b,scikit-learn__scikit-learn-14141,"Sure, let's start by gathering the necessary details to implement the changes as specified in the PR description.

1. **Version Threshold**: What is the specific version threshold that should trigger the inclusion of the dependency in the version display or issue template?
2. **Dependency**: What is the specific dependency that should be included when the version threshold is exceeded?
3. **Files to Modify**: Which files in the repository should be modified to include this dependency? Are there specific files for version display and issue templates?
4. **Format**: How should the dependency be included in the version display or issue template? Should it be added as a comment, a separate section, or integrated into an existing section?

Please provide answers to these questions so I can proceed with the necessary changes.","1. The specific version threshold is when the sklearn version is greater than 0.20.
2. The specific dependency to include is joblib.
3. The files to modify are `sklearn/utils/_show_versions.py` for the version display, and the issue template where necessary.
4. The dependency should be integrated into the existing section of the version display, listing joblib among other dependencies.","Sure, let's start by gathering the necessary details to implement the changes as specified in the PR description.

1. **Version Threshold**: What is the specific version threshold that should trigger the inclusion of the dependency in the version display or issue template?
2. **Dependency Name**: What is the name of the specific dependency that should be included when the version threshold is exceeded?
3. **Files to Modify**: Which specific files in the repository should be modified to include this dependency? (e.g., `setup.py`, `requirements.txt`, `ISSUE_TEMPLATE.md`, etc.)
4. **Format**: How should the dependency be included in the version display or issue template? (e.g., as a comment, a bullet point, a specific section, etc.)

Please provide the answers to these questions so I can proceed with the necessary changes.","Hi, here are the details:

1. **Version Threshold**: The threshold is when the `scikit-learn` version is greater than `0.20` (since `joblib` became an external dependency starting in `0.21`).
2. **Dependency Name**: `joblib`.
3. **Files to Modify**: Primarily `sklearn/utils/_show_versions.py`, since that's where the dependencies listed in `show_versions` are configured.
4. **Format**: It should be added to the list of key dependencies (like `numpy`, `scipy`, etc.) that are printed when running `show_versions()`.",5,5,5,4
32b,django__django-12209,"Sure, let's start by gathering the necessary details to address the issue. Here are my questions:

1. Could you please provide the specific Django ticket number that this issue is linked to, if available?
2. Can you describe the exact behavior you are observing with the primary key field having a default value in Django","1. The issue is linked to Django ticket number [#29260](https://code.djangoproject.com/ticket/29260).

2. In Django 3.0, when saving a model instance with an explicit primary key value, it results in two INSERT operations, which fails on the second due to a primary key conflict. This behavior differs from Django 2.2 and earlier, where it would perform an INSERT followed by an UPDATE.","Sure, let's start by gathering the necessary details to address the issue. Here are my questions:

1. Could you please provide the specific Django ticket number that this issue is linked to, if available?
2. Can you describe the exact behavior you are observing with the primary key field having a default value in Django","1. This issue seems directly related to Django ticket [#29260](https://code.djangoproject.com/ticket/29260).

2. When a model's primary key has a default value (e.g., `default=uuid4`), saving a new instance with an explicit, already-existing `pk` value results in a second INSERT query (which fails), rather than performing an UPDATE as it did in Django 2.2 and earlier. If the default value is removed from the primary key field, it behaves normally. This also causes issues with the `loaddata` command when reloading existing fixtures.",4,5,5,4
32b,sympy__sympy-19637,"Sure, let's start by gathering the necessary details to address the issue. Could you please provide the following information:

1. The name of the function where the error occurs.
2. The specific variable that is being referenced before assignment.
3. The exact error message you are encountering.
4. Any relevant code snippets or context where the error happens.

This information will help me understand the issue better and make the necessary changes.","1. The function where the error occurs is related to `kernS`.
2. The specific variable being referenced before assignment is `kern`.
3. The exact error message I am encountering is: ""UnboundLocalError: local variable 'kern' referenced before assignment"".
4. The relevant code snippet is: 
   ```python
   from sympy.core.sympify import kernS
   text = ""(2*x)/(x-1)""
   expr = kernS(text)
   ```","Sure, let's start by gathering the necessary details to address the issue. Could you please provide the following information:

1. The name of the function where the error occurs.
2. The specific variable that is being referenced before assignment.
3. The exact error message you are encountering.
4. Any relevant code snippets or context where the error happens.

This information will help me understand the issue better and make the necessary changes.","Here are the details from my environment:

1. **Function:** The error occurs in the `kernS` function inside `sympy/core/sympify.py`.
2. **Variable:** The variable is `kern`.
3. **Error Message:** `UnboundLocalError: local variable 'kern' referenced before assignment`
4. **Code snippet to reproduce:**
   ```python
   from sympy.core.sympify import kernS

   text = ""(2*x)/(x-1)""
   expr = kernS(text)
   ```
   It seems to fail where it checks `hit = kern in s` because `kern` hasn't been defined/assigned yet in that scope.",5,5,5,5
32b,django__django-13837,"Sure, let's start by gathering the necessary details to address the issue. Here are my questions:

1. Can you provide more details about the current limitations in the `runserver` autoreload functionality that you are trying to address?
2. What specific changes or modifications are you proposing to leverage Python's standard module specification properties?
3. Are there any specific Python environments or scenarios where the current implementation fails to detect modules launched with the `-m` flag?
4. Can you provide an example of a Python module other than `django` that you would like to be supported with the `runserver` autoreload functionality?
5. Are there any specific files or modules in the Django repository that you believe need to be modified to implement this change?

Please provide answers to these questions so I can proceed with the necessary changes.","1. The current limitation is that `django.utils.autoreload.get_child_arguments` only detects if Python was launched specifically with `-m django`. This prevents autoreloading from working when we're running a different module with `-m` that overrides Django’s management command for `runserver`.

2. The proposed change is to use the `__main__.__spec__.parent` check to determine if Python was launched with `-m pkg`. This approach is documented and helps avoid reliance on the `__file__` attribute, which is not consistently available in all environments.

3. Yes, the current implementation fails in environments that do not set `__file__` on modules, which can occur in certain Python configurations.

4. An example of a Python module could be something like `mycustomapp`, where you might want to override the default runserver command with your own implementation.

5. The specific file that needs modification is `django/utils/autoreload.py`, particularly in the `get_child_arguments` function where the detection logic is implemented.","Sure, let's start by gathering the necessary details to address the issue. Here are my questions:

1. Can you provide more details about the current limitations in the `runserver` autoreload functionality that you are trying to address?
2. What specific changes or modifications are you proposing to leverage Python's standard module specification properties?
3. Are there any specific Python environments or scenarios where the current implementation fails to detect modules launched with the `-m` flag?
4. Can you provide an example of a Python module other than `django` that you would like to be supported with the `runserver` autoreload functionality?
5. Are there any specific files or modules in the Django repository that you believe need to be modified to implement this change?

Please provide answers to these questions so I can proceed with the necessary changes.","Here are the details regarding your questions:

1. **Current limitations**: Currently, `django.utils.autoreload.get_child_arguments` only detects if Python was launched with `-m django` specifically. It also relies on `__file__` being set on modules, which is not true for all Python environments. This prevents custom Django-based command-line utilities with their own `__main__` sub-module from being autoreloaded correctly.
2. **Proposed changes**: We should use Python's standard way of checking how it was launched. Specifically, Python is started with `-m <pkg>` if and only if `__main__.__spec__` is not None and `__main__.__spec__.parent` is not empty (e.g., `__main__.__spec__.parent == ""pkg""`). We can use this to determine the package name and pass `-m <parent_package_name>` to the child arguments.
3. **Failing environments**: Any Python environment where `__file__` is not set on modules, and any scenario where a developer invokes a custom wrapper module using `python -m my_custom_pkg runserver`.
4. **Example module**: Any custom management utility package, such as `python -m custom_django_cli runserver` (where `custom_django_cli` overrides Django's management commands).
5. **Files to modify**: The logic lives in `django/utils/autoreload.py`, specifically inside the `get_child_arguments` function.",5,5,5,5
32b,django__django-16100,"Sure, let's start by gathering the necessary details to address the issue.

1. Could you please specify the name of the Django admin view that lacks transaction handling?
2. Are there any specific operations or data modifications happening in this view that you are concerned about?
3. Do you have any specific error messages or scenarios that demonstrate the inconsistent database states you are trying to prevent?
4. Are there any particular models or database tables involved in this view that need to be considered for transaction management?
5. Are there any existing functions or utilities in the repository that you recommend using for transaction management, or should I use Django's built-in transaction management tools?

Please provide the answers to these questions so I can proceed with the necessary changes.","1. The Django admin view that lacks transaction handling is the changelist_view.

2. Yes, the concern is that the view may change data in the database without proper transaction management, which could lead to unexpected states if an error occurs during the processing.

3. I don't have that information.

4. I don't have that information.

5. I believe we should use Django's built-in transaction management tools, as the changelist view should be wrapped in a transaction to ensure data integrity.","Sure, let's start by gathering the necessary details to address the issue.

1. Could you please specify the name of the Django admin view that lacks transaction handling?
2. Are there any specific operations or data modifications happening in this view that you are concerned about?
3. Do you have any specific error messages or scenarios that demonstrate the inconsistent database states you are trying to prevent?
4. Are there any particular models or database tables involved in this view that need to be considered for transaction management?
5. Are there any existing functions or utilities in the repository that you recommend using for transaction management, or should I use Django's built-in transaction management tools?

Please provide the answers to these questions so I can proceed with the necessary changes.","Here are the details regarding your questions:

1. The view is `changelist_view` in Django admin, specifically where it processes `list_editable` formsets.
2. The concern is when saving multiple changed rows from the list editable fields; if one save fails, some rows are saved while others are not, leading to inconsistent states.
3. I don't have a specific error message, but any database constraint violation or validation error during a bulk-like save in `list_editable` will leave the database partially updated.
4. No specific models—this affects any admin model that utilizes `list_editable`.
5. You should use Django's built-in `transaction.atomic` block to wrap the POST processing section for `list_editable` inside `django/contrib/admin/options.py`.",3,5,5,3
32b,django__django-13112,"Sure, let's start by gathering the necessary details to address the issue. Could you please provide the following information:

1. The exact error message you are encountering during the migration process.
2. The specific model and ForeignKey definition that is causing the issue.
3. The name of the app with the mixed-case name and the exact name used in the ForeignKey reference.
4. Any relevant parts of the migration file that are causing the issue.
5. The Django version where this issue started occurring.

This information will help me understand the problem better and make the necessary changes.","1. The exact error message I am encountering during the migration process is: `ValueError: The field DJ_RegLogin.Content.category was declared with a lazy reference to 'dj_reglogin.category', but app 'dj_reglogin' isn't installed.`

2. The specific model and ForeignKey definition that is causing the issue are:
   ```python
   category = models.ForeignKey(Category, on_delete=models.CASCADE)
   ```

3. The name of the app with the mixed-case name is `DJ_RegLogin`, and the exact name used in the ForeignKey reference is `dj_reglogin`.

4. I don't have that information.

5. This issue started occurring with Django version 3.1b1.","Sure, let's start by gathering the necessary details to address the issue. Could you please provide the following information:

1. The exact error message you are encountering during the migration process.
2. The specific model and ForeignKey definition that is causing the issue.
3. The name of the app with the mixed-case name and the exact name used in the ForeignKey reference.
4. Any relevant parts of the migration file that are causing the issue.
5. The Django version where this issue started occurring.

This information will help me understand the problem better and make the necessary changes.","Here is the information from my setup:

1. **Exact error message:**
`ValueError: The field DJ_RegLogin.Content.category was declared with a lazy reference to 'dj_reglogin.category', but app 'dj_reglogin' isn't installed.`

2. **Model and ForeignKey definition:**
```python
class Category(models.Model):
	title = models.CharField(max_length=100, db_index=True)
	slug = models.SlugField(max_length=100, db_index=True)
	class Meta:
		verbose_name = 'Category'
		verbose_name_plural = 'Categories'
	def __str__(self):
		return self.title
	def get_absolute_url(self):
		return reverse('view_blog_category', None, kwargs={'slug': self.slug})

class Content(models.Model):
	...
	category = models.ForeignKey(Category, on_delete=models.CASCADE)
	...
```

3. **App Name:** `DJ_RegLogin` (mixed-case, defined in settings and `AppConfig`). The lazy reference in the error is lowercase `'dj_reglogin.category'`.

4. **Migration file:** I don't have the exact migration file contents handy since the crash happens when running `makemigrations` / `migrate`, and it seems to generate the lowercase app label incorrectly.

5. **Django version:** It started with **Django 3.1b1** (the code works fine in Django 3.0).",4,5,5,4
32b,pytest-dev__pytest-7490,"Sure, let's start by gathering the necessary details to address the issue. Here are my questions:

1. Can you provide the specific code snippet or function in the pytest codebase where the dynamic addition of xfail markers is handled?
2. Are there any specific files or modules that you suspect might be involved in this behavior change?
3. Can you describe the expected behavior in pytest 5.x and the observed behavior in pytest 6.0.0rc0 in more detail?
4. Are there any configuration files or settings that might be relevant to this issue?
5. Do you have a minimal example or test case that demonstrates the issue?

Please provide the answers to these questions so I can proceed with the necessary changes.","1. I don't have that information.

2. I suspect that the file involved might be `src/_pytest/skipping.py`, as that contains logic around skipping and xfail markers.

3. In pytest 5.x, dynamically adding an xfail marker using `request.node.add_marker(mark)` would treat the failing test as if it was marked statically with `xfail`, and it would not count as a failure. In pytest 6.0.0rc0, the same code raises an assertion error instead of being marked as xfailed.

4. I don't have that information.

5. Yes, here is the minimal example that demonstrates the issue:

```python
# file: test_foo.py
import pytest

def test_xfail_test(request):
    mark = pytest.mark.xfail(reason=""xfail"")
    request.node.add_marker(mark)
    assert 0
```

When run, this test should be marked as xfailed in pytest 5.x but fails in pytest 6.0.0rc0.","Sure, let's start by gathering the necessary details to address the issue.

1. Can you provide the specific code snippet or function in the pytest codebase where the dynamic addition of xfail markers is handled? This will help me pinpoint the exact location that needs to be modified.
2. Are there any specific configuration files or settings that might be affecting the behavior of xfail markers in pytest 6.0.0rc0?
3. Could you provide a minimal example of a test that demonstrates the issue, including the dynamic addition of the xfail marker and the expected behavior in pytest 5.x versus pytest 6.0.0rc0?

Please provide the answers to these questions so I can proceed with the necessary changes.","Hi!

1. I don't know the exact function in the pytest codebase, but the maintainers mentioned it is likely a regression in commit `c9737ae914891027da5f0bd39494dd51a3b3f19f` within the file `src/_pytest/skipping.py`.
2. I don't have any special configuration or settings. I ran the test command simply as `pytest -rsx test_foo.py`.
3. Here is the minimal example:

```python
# file: test_foo.py
import pytest


def test_xfail_test(request):
    mark = pytest.mark.xfail(reason=""xfail"")
    request.node.add_marker(mark)
    assert 0
```

* **In pytest 5.4.3 (Expected):** The test is reported as `XFAIL` (1 xfailed).
* **In pytest 6.0.0rc0 (Actual):** The test fails with an `AssertionError` (1 failed).",4,5,4,4
